q_id,children_2_7,number_of_children,age_group,gender,location,household_income,platforms_selections,platforms_other_text,q6_childhood_brand_rank_little_tikes,q6_childhood_brand_rank_fisher_price,q6_childhood_brand_rank_playskool,q6_childhood_brand_rank_toynado,q6_childhood_brand_rank_lego,q6_childhood_brand_rank_other,q6_childhood_brand_other_text,q7_memories_childhood_toys_vivid_memories_1_5,q7_memories_childhood_toys_reminds_childhood_1_5,q7_memories_childhood_toys_want_child_experience_1_5,q7_memories_childhood_toys_not_relevant_today_1_5,q8_memories_influence_purchase_1_5,q9_importance_quality_durability_1_5,q9_importance_safety_trust_1_5,q9_importance_active_imaginative_play_1_5,q9_importance_educational_developmental_1_5,q9_importance_use_of_technology_1_5,q9_importance_childhood_memories_1_5,q10_rank_attributes_future_1,q10_rank_attributes_future_2,q10_rank_attributes_future_3,q10_rank_attributes_future_4,q10_rank_attributes_future_5,q10_rank_attributes_future_6,q11_nostalgia_little_tikes_0_100,q12_little_tikes_represents,q13_emotional_impact_makes_nostalgic_1_5,q13_emotional_impact_nostalgia_buy_likelihood_1_5,q13_emotional_impact_trust_vs_newer_1_5,q14_perception_brand_feels_modern_1_5,q14_perception_brand_incorporate_technology_1_5,q14_perception_brand_keep_traditional_1_5,q14_perception_brand_trendy_social_media_1_5,q15_lt_rating_vs_competitors_quality_durability_0_100,q15_lt_rating_vs_competitors_safety_trust_0_100,q15_lt_rating_vs_competitors_active_imaginative_play_0_100,q15_lt_rating_vs_competitors_educational_developmental_0_100,q15_lt_rating_vs_competitors_use_of_technology_0_100,q15_lt_rating_vs_competitors_childhood_memories_0_100,q16_competitor_brand_rating_fisher_price_1_5,q16_competitor_brand_rating_step2_1_5,q16_competitor_brand_rating_melissa_doug_1_5,q16_competitor_brand_rating_lego_1_5,q16_competitor_brand_rating_tonies_1_5,q16_competitor_brand_rating_lovevery_1_5,q16_competitor_brand_rating_toynado_1_5,q16_competitor_brand_rating_little_tikes_1_5,q17_future_directions_excitement_1_4,q18_preference_vs_brands_1_3,q19_nps_little_tikes_1_5
q_001,1,2,3,1,2,2,6,,5,1,4,2,3,6,,4,4,4,4,3,4,4,4,4,4,4,2,4,5,1,6,3,63,4,4,4,4,5,5,5,5,59,65,68,67,67,67,3,4,2,5,4,3,1,4,1,1,4
q_002,1,2,3,3,2,3,3,,1,3,4,6,2,5,,4,4,4,4,4,4,4,3,4,4,4,1,5,2,4,6,3,63,1,4,3,4,5,4,5,4,64,68,60,72,72,59,4,4,3,4,3,4,3,4,2,1,4
q_003,1,2,3,2,3,1,"1,3,4",,2,1,4,5,3,6,,4,5,5,2,3,4,4,4,5,3,3,2,1,4,3,5,6,99,5,5,5,4,3,3,3,3,70,70,79,60,21,98,4,4,5,4,3,3,3,4,1,2,5
q_004,1,1,3,1,2,2,"4,6",,3,2,4,5,1,6,,4,4,3,5,3,4,5,3,3,4,4,6,1,5,4,3,2,28,5,2,4,4,4,3,4,3,52,82,87,25,21,100,4,3,3,5,3,2,2,4,2,2,4
q_005,1,3,5,1,1,3,"1,2,3,4,6",,4,1,3,5,2,6,,4,5,5,2,2,5,5,5,2,1,1,2,3,1,4,6,5,68,1,4,4,4,2,1,5,2,82,72,89,32,3,68,4,2,5,5,1,1,1,4,1,2,4
q_006,1,1,2,1,1,1,4,,2,3,4,5,1,6,,5,5,5,2,4,5,5,4,4,3,2,2,1,3,4,5,6,97,4,4,4,4,4,3,3,4,65,65,71,77,77,86,4,4,4,4,4,4,3,4,2,2,5
q_007,1,1,6,2,3,3,"1,2,3,4,5,6",,3,1,2,5,4,6,,4,4,4,2,4,4,5,3,3,3,3,2,1,3,4,5,6,100,4,4,4,4,4,3,4,4,100,100,100,100,0,100,5,3,5,5,1,1,1,5,1,2,5
q_008,1,2,5,2,1,1,5,,3,1,2,5,4,6,none,4,5,5,2,4,5,5,5,5,4,3,2,1,4,3,5,6,98,1,5,4,4,4,5,3,4,98,95,89,87,22,99,5,3,4,5,3,3,3,5,2,3,5
q_009,1,2,4,1,3,3,"1,3,4,5,6",,4,1,3,5,2,6,,5,5,5,2,4,4,5,5,5,4,3,2,1,5,3,4,6,80,5,5,5,5,5,4,5,5,80,85,79,61,42,99,5,5,5,5,4,3,3,5,2,2,5
q_010,1,1,1,2,1,2,"2,4",,3,1,2,5,4,6,,4,4,4,1,4,4,4,4,4,2,3,3,2,4,1,6,5,90,3,5,4,4,3,1,6,2,81,91,85,70,3,77,5,3,4,5,1,1,1,5,1,3,5
q_011,1,4,4,2,3,4,2,,2,3,4,5,1,6,,4,4,4,1,4,5,4,5,3,3,3,2,3,1,6,4,5,90,3,5,4,4,2,4,4,2,60,60,70,50,10,80,4,4,3,5,2,3,2,4,4,3,5
q_012,1,1,5,1,1,4,6,,1,2,5,6,4,3,Mattel,4,5,5,3,5,4,5,5,4,1,3,4,1,2,3,6,5,91,5,5,4,5,3,1,5,4,78,79,99,62,19,89,4,4,5,5,3,3,3,5,1,3,5
q_013,1,2,3,1,1,4,"1,2,4,5",,2,1,5,6,3,4,lincoln loga,4,4,4,2,3,4,4,5,3,2,3,2,3,1,5,6,4,71,1,4,4,4,4,2,4,3,91,90,90,39,16,84,5,3,2,4,3,3,3,4,1,3,5
q_014,1,2,4,2,1,1,"1,2,3,4,5,6",,3,1,2,6,4,5,Barbie,5,5,5,1,4,4,5,5,5,2,4,2,1,4,3,6,5,88,2,4,4,4,3,2,5,4,66,96,74,83,19,73,4,4,4,4,2,1,1,5,4,3,5
q_015,1,2,3,1,1,2,"1,3,4,6",,2,3,5,4,1,6,Mattel,5,5,5,4,3,4,4,3,2,1,5,1,3,5,4,6,2,78,1,4,4,4,3,2,5,2,100,87,68,65,33,79,1,1,1,5,1,1,1,5,1,3,5
q_016,1,2,3,2,1,2,"1,2,3,4,5,6",,1,3,2,5,4,6,,4,4,4,4,5,4,5,4,5,4,4,5,1,4,2,6,3,100,4,4,5,4,5,6,6,6,100,100,80,91,53,94,4,3,4,4,3,4,4,5,1,3,5
q_017,1,1,2,1,3,2,"2,3,4",,1,3,4,5,2,6,,5,5,5,2,4,5,5,5,5,3,5,2,1,3,4,6,5,98,5,4,4,4,4,4,5,4,100,100,100,89,0,99,5,3,3,5,3,3,3,5,1,3,5
q_018,1,1,4,2,2,2,"3,4,5",,3,2,1,5,4,6,,4,4,3,3,3,4,5,4,4,3,3,2,1,3,4,5,6,97,5,4,4,4,3,2,4,3,81,85,85,77,22,73,5,3,3,4,1,1,1,4,1,3,5
q_019,1,2,4,2,1,2,"1,2,3,4,5,6",,2,4,3,5,1,6,,5,4,5,4,5,5,4,5,4,5,5,1,3,4,2,5,6,89,2,5,4,5,5,4,5,4,76,62,82,64,82,67,4,5,4,3,5,3,4,4,2,3,4
q_020,1,4,4,2,1,1,"2,3",,4,2,3,5,1,6,,4,4,4,2,3,5,5,5,5,5,3,1,3,4,2,5,6,70,1,4,4,4,4,2,6,4,90,96,90,57,11,58,4,4,5,5,1,1,1,4,1,3,5
q_021,1,2,4,1,3,4,1,,1,3,4,5,2,6,,4,5,4,3,5,5,5,5,5,2,5,1,3,2,4,6,5,100,1,4,4,4,4,2,5,3,100,87,100,72,11,69,5,3,5,5,3,3,3,5,1,3,5
q_022,1,1,4,1,2,4,"4,6",,2,4,1,5,3,6,,5,4,3,1,3,5,5,5,5,1,2,3,1,4,2,6,5,21,1,2,2,2,3,1,6,6,46,52,59,27,5,42,3,3,2,4,2,1,2,3,4,2,3
q_023,1,1,3,1,2,4,"1,2,4,5",,1,2,4,5,3,6,,5,5,4,4,3,4,5,5,5,3,3,4,2,3,1,5,6,100,5,5,5,4,4,5,5,3,99,99,99,67,9,100,5,3,5,5,3,3,3,5,4,3,5
q_024,1,2,6,1,2,2,"3,4,6",,1,3,2,5,4,6,,5,5,5,5,5,5,5,5,5,3,5,4,1,2,3,6,5,100,3,5,5,5,3,1,5,5,100,100,100,90,75,100,4,5,5,4,3,3,3,5,4,3,5
q_025,1,2,2,2,1,2,"1,2,4",,1,3,4,5,2,6,,4,4,5,5,4,4,4,5,4,5,5,1,2,5,6,4,3,62,1,4,4,5,5,5,6,6,85,90,83,87,85,87,5,3,3,5,3,3,4,4,3,2,4
q_026,1,1,3,1,2,1,"1,3,4,5",,2,3,4,5,1,6,,4,4,4,4,3,5,5,5,5,3,3,1,2,3,4,5,6,100,3,4,4,3,4,3,4,4,81,81,80,80,49,100,5,3,5,5,3,3,5,5,4,2,5
q_027,1,1,3,2,1,3,"1,3,4",,2,1,4,5,3,6,,4,5,5,5,4,4,4,3,4,1,4,1,3,4,2,6,5,80,3,4,4,4,2,1,5,5,71,60,70,71,0,60,4,2,2,4,2,2,2,4,3,3,5
q_028,1,2,6,2,3,1,"2,3,6",,1,2,3,5,4,6,,3,4,4,2,2,4,4,3,3,2,2,2,1,3,4,5,6,40,5,4,3,3,3,4,4,3,71,70,61,55,33,27,4,4,3,3,1,1,1,5,2,3,5
q_029,1,1,3,2,1,2,"1,3,4",,3,2,1,5,4,6,,4,4,2,5,2,5,5,4,4,2,2,3,1,4,2,5,6,72,3,4,2,1,1,3,2,2,69,49,40,17,10,80,3,3,5,5,4,5,3,2,4,1,2
q_030,1,2,5,1,3,2,"2,3,4",,4,1,3,5,2,6,,5,5,4,2,3,4,3,5,3,3,4,2,3,1,4,5,6,0,1,1,1,1,2,3,5,2,83,70,37,30,21,39,4,1,1,5,1,1,1,3,1,2,4
q_031,1,1,3,1,2,1,"2,5",,3,1,4,5,2,6,,5,4,3,4,2,5,4,4,2,3,2,1,2,3,5,4,6,88,1,5,4,4,4,5,3,2,83,78,87,44,11,56,3,2,1,5,1,1,2,5,2,3,4
q_032,1,1,2,2,2,2,"1,3,4",,2,1,3,5,4,6,,5,5,5,5,4,4,5,5,5,1,4,3,2,4,5,6,1,100,1,5,5,5,3,1,5,3,91,94,87,86,0,100,5,2,4,3,1,1,1,5,1,3,5
q_033,1,1,4,1,1,4,"4,5",,5,1,3,4,2,6,,4,4,5,2,3,5,5,4,4,3,4,2,1,3,4,6,5,22,1,4,4,4,2,2,4,3,91,81,53,53,16,31,5,2,2,5,4,2,4,5,4,2,5
q_034,1,3,5,1,2,4,"1,3,4",,1,3,4,5,2,6,,5,4,4,3,3,4,5,3,4,3,3,2,1,3,4,6,5,80,1,4,5,4,4,2,5,3,91,80,80,70,30,75,4,4,4,4,3,4,2,5,1,3,5
q_035,1,1,3,2,2,1,7,None,3,1,2,4,5,6,,4,5,3,3,2,4,5,5,4,2,2,1,2,3,4,6,5,82,3,5,4,4,4,2,4,6,86,86,84,82,12,100,4,3,4,4,1,1,1,5,4,2,5
q_036,1,2,3,1,2,4,5,,3,2,4,5,1,6,,4,4,3,4,2,4,3,4,4,3,1,1,4,2,3,5,6,70,1,4,3,4,2,4,4,2,100,90,60,69,0,80,5,3,5,5,4,3,2,4,2,2,4
q_037,1,1,5,1,3,2,"4,5",,2,1,4,5,3,6,,4,4,2,2,1,4,4,4,4,3,1,3,2,1,4,5,6,27,5,4,2,2,4,3,4,4,84,97,97,78,60,70,5,3,3,5,3,3,3,5,2,3,5
q_038,1,1,1,2,3,3,3,,1,2,3,5,4,6,,4,4,5,2,4,4,4,4,4,5,4,2,3,5,1,4,6,84,1,4,4,4,5,5,5,5,54,61,75,49,74,59,5,5,4,5,3,3,3,5,1,3,5
q_039,1,2,4,2,2,4,"2,3",,3,1,2,6,4,5,,4,4,4,2,3,4,4,4,4,2,3,1,3,2,4,6,5,91,5,4,3,4,3,1,5,2,83,84,100,89,20,84,5,5,5,5,1,1,1,5,1,3,5
q_040,1,1,6,1,2,3,5,,3,1,4,5,2,6,,5,5,5,2,4,5,5,4,5,4,3,2,1,4,3,5,6,90,2,4,5,5,5,3,5,5,90,90,80,70,60,89,5,2,2,5,1,1,2,5,2,3,5
q_041,1,2,4,2,1,1,"4,5",,5,1,2,4,3,6,,5,5,5,4,5,5,5,3,5,4,5,4,1,5,2,6,3,100,1,5,5,5,5,3,5,5,100,100,100,100,100,100,5,5,5,5,3,3,3,5,4,3,5
q_042,1,2,2,1,2,1,"4,5",,4,1,3,5,2,6,,4,5,3,5,1,5,5,3,5,2,1,2,1,4,3,5,6,52,4,4,3,3,1,5,3,2,83,63,79,100,34,59,5,2,1,5,1,1,2,4,2,2,4
q_043,1,1,5,1,1,2,4,,3,1,4,5,2,6,,4,4,3,4,3,4,4,4,4,3,3,2,1,3,4,6,5,75,2,4,4,4,5,4,5,4,61,65,68,75,66,75,5,5,5,5,5,5,5,5,1,3,5
q_044,1,1,3,2,2,3,2,,3,2,5,6,4,1,Mattel,4,4,4,4,4,4,5,4,4,3,3,4,1,3,2,5,6,90,5,4,4,4,2,2,5,2,80,80,90,80,50,90,5,3,3,4,3,3,3,5,4,3,5
q_045,1,1,3,1,3,2,1,,1,2,3,4,5,6,,2,4,2,3,3,3,2,4,2,3,4,1,2,3,4,5,6,53,3,2,4,3,2,5,3,4,52,36,50,34,61,71,3,2,4,4,2,3,4,3,2,3,3
q_046,1,1,1,1,2,2,"2,4",,3,2,5,4,1,6,,4,5,5,1,4,2,1,5,5,2,4,2,4,3,6,5,1,50,3,1,4,3,1,1,5,4,83,22,60,36,7,90,4,2,4,5,5,2,4,3,3,3,4
q_047,1,2,5,2,1,2,"1,2,3,4,5,6",,4,2,3,5,1,6,,5,5,4,2,3,5,5,4,4,3,2,1,2,4,3,5,6,85,5,5,4,4,4,3,5,5,90,95,100,85,40,90,4,4,4,5,3,4,2,5,1,3,5
q_048,1,2,5,1,1,2,"3,4",,4,1,2,5,3,6,,4,5,5,3,3,4,5,3,4,2,3,2,1,4,3,6,5,30,1,2,3,3,4,2,5,4,91,81,80,60,10,51,5,3,3,5,2,3,3,5,1,2,5
q_049,1,2,3,1,3,2,"3,4,5",,1,3,4,5,2,6,Hasbro,5,5,4,2,3,4,5,3,3,2,3,2,1,4,3,6,5,91,2,5,5,5,5,4,5,4,100,95,77,81,70,100,4,3,4,5,3,3,3,5,1,3,5
q_050,1,3,6,1,1,2,4,,4,5,2,3,1,6,,4,4,5,3,3,4,5,4,5,3,4,3,2,5,1,4,6,71,4,4,3,4,4,5,4,4,80,100,80,99,94,83,4,4,4,5,3,3,4,5,1,3,5
q_051,1,3,4,2,2,2,"2,3,5",,2,1,3,5,4,6,,4,4,4,2,3,4,5,3,3,3,2,2,1,4,3,5,6,100,3,5,5,5,5,2,5,2,90,100,70,70,20,85,5,2,5,5,3,1,1,5,1,2,5
q_052,1,2,4,1,1,2,"1,2,3,4",,4,1,3,5,2,6,,5,5,5,1,5,5,5,5,5,5,5,2,1,3,4,6,5,49,2,4,4,4,5,5,5,5,74,100,64,70,34,65,5,2,4,5,4,3,4,5,1,3,5
q_053,1,4,5,2,2,4,"1,3",,3,2,4,5,1,6,,4,5,5,5,4,4,5,5,5,2,4,1,2,4,3,6,5,72,3,4,3,4,5,2,5,5,84,85,88,58,11,98,5,4,3,5,1,1,1,5,1,3,5
q_054,1,2,5,2,2,3,7,Reddit,2,1,3,6,4,5,Brio,4,4,3,2,3,4,4,5,4,2,3,2,4,1,3,6,5,90,1,4,4,5,4,1,5,3,90,90,97,90,64,92,5,5,5,5,3,2,2,5,1,3,5
q_055,1,1,4,1,2,2,"3,4,6",,3,1,4,5,2,6,,4,5,5,2,2,5,5,3,4,1,2,2,1,4,3,6,5,80,5,4,4,5,3,2,5,3,90,100,100,50,50,90,5,3,1,4,1,1,1,5,1,3,5
q_056,1,4,4,1,1,4,"1,2,3,4,5,6",,3,1,2,6,4,5,Hot Wheels,4,5,5,2,4,4,4,4,2,2,4,1,3,4,5,6,2,80,3,4,5,5,3,1,6,3,65,100,55,57,8,100,5,2,4,4,2,1,1,4,1,3,5
q_057,1,2,5,1,1,1,"3,4,5,6",,5,2,4,6,1,3,Hot Wheels,5,4,4,1,2,5,3,4,5,4,3,1,3,5,4,2,6,29,2,3,2,2,3,5,2,4,85,95,80,60,5,20,4,3,3,5,3,3,4,4,2,2,5
q_058,1,3,3,2,3,1,"1,2,3,4,5,6",,2,1,3,6,4,5,,5,5,5,1,3,4,5,5,5,2,4,4,1,3,2,6,5,100,3,5,4,4,5,3,5,5,85,85,80,69,51,75,4,4,5,4,3,3,3,4,3,3,4
q_059,1,1,2,1,2,3,"1,2,3",,3,1,5,4,2,6,,4,4,4,4,4,4,4,4,3,3,3,1,2,4,3,6,5,76,3,4,4,4,3,3,4,3,91,95,88,50,16,98,5,2,2,5,2,2,2,5,1,3,4
q_060,1,2,6,1,1,3,"1,2,3,4",,2,4,3,5,1,6,,4,4,5,4,2,4,4,3,3,4,4,3,1,4,5,2,6,63,4,4,4,3,4,4,5,5,58,46,52,79,57,65,3,3,2,5,2,3,3,3,1,2,5
q_061,1,3,3,1,2,3,"1,2,3,4",,1,2,3,4,5,6,,4,5,4,1,4,4,2,5,5,4,2,4,3,1,2,5,6,47,2,3,4,4,3,5,4,4,80,90,71,69,50,40,4,3,4,5,4,3,4,4,4,2,4
q_062,1,2,3,2,2,2,"2,4,5",,2,1,5,4,3,6,barbie,4,4,4,2,4,4,4,4,4,4,5,1,3,6,4,2,5,87,1,4,4,4,5,5,5,5,100,90,89,80,90,89,5,4,5,4,4,4,4,5,3,3,5
q_063,1,2,5,1,2,3,"3,6",,3,2,4,5,1,6,,5,4,5,2,4,4,3,4,2,2,4,1,3,4,5,6,2,86,1,4,2,4,2,1,6,2,89,87,86,88,3,85,4,3,3,4,2,2,3,5,1,3,5
q_064,1,1,2,1,2,2,"1,2",,2,1,4,5,3,6,,4,5,4,1,5,4,5,5,4,3,4,4,1,2,3,5,6,86,3,4,5,4,5,5,6,6,85,90,94,84,57,92,5,4,4,5,3,3,3,5,1,3,5
q_065,1,2,6,2,2,2,"1,3,4",,2,1,3,5,4,6,,5,5,5,1,5,5,5,5,5,5,5,3,1,4,2,6,5,100,3,5,5,5,4,1,5,4,100,100,100,70,11,100,5,3,3,5,3,3,3,5,1,3,5
q_066,1,4,6,1,1,4,"1,6",,3,1,5,6,2,4,Transformers,4,4,4,2,3,4,4,4,2,2,2,1,4,2,3,6,5,79,1,4,4,4,3,2,5,3,91,93,85,76,10,56,4,3,5,5,4,0,3,5,1,2,5
q_067,1,1,1,2,3,1,"1,2,3",,2,1,3,4,5,6,,5,5,5,1,5,4,5,5,5,2,4,3,1,4,2,6,5,86,5,5,5,5,1,1,5,4,100,100,100,88,0,100,5,1,5,2,1,1,1,5,1,3,5
q_068,1,3,4,2,2,2,"2,3",,1,2,4,5,3,6,,4,4,4,4,4,4,4,4,4,4,4,4,1,2,3,6,5,73,3,4,4,4,5,5,5,5,82,83,81,80,43,77,5,5,5,5,5,3,3,5,4,3,5
q_069,1,2,3,2,2,1,"3,5,6",,1,2,3,4,5,6,,5,5,5,3,4,5,5,5,5,2,4,1,2,4,3,5,6,100,1,5,5,5,5,3,5,5,100,99,100,100,71,100,5,4,4,5,3,3,3,5,4,3,5
q_070,1,1,4,1,2,1,4,,1,2,4,5,3,6,,3,4,4,3,2,3,4,2,3,2,3,4,5,1,2,3,6,62,2,2,3,4,3,3,2,4,44,64,66,53,33,54,4,4,2,2,3,4,4,5,1,2,5
q_071,1,1,4,1,2,2,"1,2,3,4,5,6",,3,2,4,5,1,6,,4,4,4,4,3,4,3,4,4,2,3,2,1,3,4,5,6,63,2,4,4,4,5,4,5,4,70,56,62,60,25,71,4,4,5,5,3,3,3,3,3,2,4
q_072,1,2,6,2,1,2,"3,4,5",,4,1,2,5,3,6,,4,5,3,2,3,3,4,5,5,2,4,5,3,1,4,6,2,70,2,4,4,4,4,2,3,5,92,93,70,60,52,91,5,3,4,5,3,3,3,5,1,2,5
q_073,1,1,2,1,1,1,"1,4",,5,1,3,4,2,6,,5,5,4,1,4,5,4,4,5,4,5,2,5,1,6,3,4,75,5,4,5,4,5,5,4,5,90,100,80,100,77,100,4,5,1,2,4,3,1,3,3,1,4
q_074,1,1,4,3,1,1,"1,2,4,5,6",,4,1,3,5,2,6,,4,3,3,3,2,5,4,4,5,1,2,2,4,3,1,6,5,27,5,4,3,3,3,1,4,3,81,80,75,76,0,31,4,3,5,4,3,3,3,4,4,2,4
q_075,1,1,3,1,2,1,4,,3,2,4,5,1,6,,4,4,4,1,4,4,4,4,4,3,2,2,3,1,4,5,6,86,2,4,4,4,3,2,5,3,67,70,81,59,24,91,4,2,2,5,2,2,2,4,1,3,4
q_076,1,3,4,1,2,3,"1,2,4,5,6",,1,2,5,6,3,4,Meissa and Doug,4,5,4,2,4,4,5,4,4,2,5,3,2,4,5,6,1,95,3,5,4,4,4,4,5,4,90,98,91,85,76,100,4,3,5,5,3,3,3,5,1,3,5
q_077,1,1,1,2,1,2,"1,2,3",,1,2,5,4,3,6,,5,5,5,2,4,5,5,4,5,1,3,2,1,4,3,6,5,100,5,5,5,5,4,1,5,4,80,79,90,90,10,100,4,5,3,4,3,3,3,5,1,3,5
q_078,1,2,4,2,2,3,"1,3,4,6",,1,2,3,4,5,6,Mattel,5,5,5,1,5,5,4,5,4,2,5,4,5,2,3,6,1,80,4,5,4,4,2,2,5,2,88,89,88,92,21,59,4,5,5,5,3,3,3,4,1,2,4
q_079,1,2,3,2,2,2,"1,2",,1,4,3,5,2,6,,4,4,4,1,5,4,5,4,1,1,4,1,2,3,6,5,4,100,5,4,5,5,5,5,5,5,72,92,85,80,41,32,4,4,5,5,4,5,4,5,2,3,4
q_080,1,1,6,2,2,2,"1,2,4,5,6",,4,1,2,5,3,6,,5,5,5,1,4,5,4,5,5,2,3,3,5,2,1,6,4,70,5,4,4,4,5,3,2,3,99,90,100,80,10,80,5,4,4,3,3,3,3,4,4,2,5
q_081,1,2,2,2,2,2,"1,3,4,5",,1,2,4,5,3,6,,4,4,5,5,4,4,5,4,4,4,4,1,2,5,3,4,6,74,1,4,5,4,5,4,5,4,61,51,59,67,70,73,4,3,4,5,2,2,2,5,1,2,4
q_082,1,1,4,1,3,1,5,,3,1,5,6,4,2,hot wheels,4,4,4,4,4,4,4,4,4,2,3,2,1,4,5,6,3,91,3,4,4,4,3,2,5,5,63,78,89,80,19,100,5,3,3,5,3,3,3,5,1,3,5
q_083,1,3,2,2,2,2,"1,2,4,6",,1,2,3,5,4,6,,5,5,5,2,3,5,5,5,5,2,3,2,1,3,4,6,5,100,3,5,4,4,3,1,5,4,100,100,100,100,0,100,5,4,4,2,1,1,1,5,4,3,5
q_084,1,2,4,1,1,4,"1,2,3,4,5,6",,2,3,5,4,1,6,,4,4,4,4,4,4,4,4,4,4,4,2,1,3,5,6,4,79,3,4,4,4,5,5,5,5,90,80,89,90,88,90,5,5,5,5,5,5,5,5,1,3,5
q_085,1,4,4,2,2,2,"1,2,3,4",,2,1,3,5,4,6,,4,4,4,2,3,5,5,4,4,2,2,2,1,4,3,5,6,80,5,4,5,4,4,3,4,5,93,93,92,84,67,78,5,5,5,5,3,3,3,5,1,2,5
q_086,1,2,5,1,1,3,"3,4,5",,2,1,4,5,3,6,,5,5,5,1,4,4,5,5,4,3,4,3,1,2,5,6,4,67,3,4,4,4,3,2,4,3,58,79,55,57,45,87,4,3,3,4,2,2,3,4,4,2,5
q_087,1,2,4,2,1,2,"2,3,4,5",,4,1,2,5,3,6,,5,5,5,2,4,5,5,5,5,3,2,3,2,4,1,5,6,85,3,5,5,5,4,2,4,1,63,92,92,66,4,97,5,1,1,5,1,3,1,5,2,2,5
q_088,1,1,2,2,1,2,"1,2,4",,3,2,5,4,1,6,,4,4,4,2,4,4,4,3,5,4,3,3,2,6,1,4,5,50,5,4,4,4,2,5,4,3,72,91,80,45,20,37,5,3,3,4,3,3,3,4,1,2,4
q_089,1,3,6,2,1,1,1,,2,4,3,1,5,6,,4,3,4,4,4,4,5,5,4,3,4,3,1,4,2,5,6,71,4,4,3,4,5,6,5,5,69,80,61,70,70,80,3,4,3,3,3,3,4,5,2,3,5
q_090,1,3,5,1,2,2,"1,2,3,4,5,6",,2,3,4,5,1,6,Hot Wheels,5,4,4,2,3,5,5,4,4,3,2,2,1,3,4,5,6,70,5,4,4,4,3,4,4,3,90,95,89,80,60,95,5,4,5,5,4,4,3,5,2,3,5
q_091,1,2,4,2,2,3,"2,3",,2,1,3,5,4,6,,4,4,3,3,2,5,5,5,4,2,3,2,1,3,4,6,5,51,1,4,4,4,5,4,5,5,91,90,90,82,37,87,4,4,4,3,3,3,3,4,4,2,4
q_092,1,1,3,2,1,2,"1,3,4",,2,3,4,5,1,6,,5,5,5,3,3,3,4,4,3,3,3,2,3,1,4,6,5,100,3,5,5,5,4,3,4,4,82,76,63,78,25,95,4,3,4,5,3,3,3,5,1,3,5
q_093,1,2,6,2,2,3,"1,2,3,4,5",,3,1,2,5,4,6,,5,5,5,5,4,5,5,5,5,3,4,3,1,4,2,5,6,27,5,4,4,3,3,3,6,6,80,98,71,73,46,30,5,3,3,5,3,3,3,4,4,2,5
q_094,1,2,4,2,1,2,"1,3,4,5",,2,3,1,5,4,6,,3,4,3,4,1,4,5,4,4,1,1,2,1,3,4,5,6,22,1,4,3,3,3,2,5,2,88,71,71,61,15,37,4,4,4,4,3,3,3,4,1,2,4
q_095,1,1,5,2,1,2,"1,2,3,4,6",,1,3,4,2,5,6,,2,4,5,2,3,3,2,4,3,2,4,3,6,2,1,4,5,50,3,3,4,2,2,4,3,4,30,59,20,65,64,89,5,2,2,5,1,1,1,5,2,1,5
q_096,1,2,3,2,1,3,"4,5",,5,4,2,1,3,6,,5,4,5,4,2,4,5,5,4,4,5,2,1,5,3,4,6,81,1,5,4,5,4,4,5,5,91,82,68,66,97,50,3,2,5,4,5,5,5,5,2,3,5
q_097,1,1,4,2,1,3,"1,3,4,6",,4,2,1,5,3,6,,5,5,5,1,4,5,5,4,5,3,3,3,1,5,4,6,2,85,1,4,4,4,5,2,5,5,91,96,92,86,35,86,5,1,4,4,1,1,1,5,1,2,4
q_098,1,2,4,1,2,4,"1,2,4,5",,1,3,2,4,5,6,,5,5,5,5,5,5,5,5,5,5,5,3,1,4,5,2,6,100,5,5,5,5,6,6,6,6,30,23,91,82,41,49,1,2,2,3,4,3,5,5,2,3,5
q_099,1,1,2,2,2,2,1,,2,1,4,5,3,6,,4,4,4,4,4,4,5,4,4,1,3,1,2,5,3,6,4,84,3,4,4,3,5,5,4,5,40,65,21,60,48,79,4,5,5,5,3,4,3,4,1,2,3
q_100,1,2,6,1,1,2,"1,2,4,5,6",,5,4,1,2,3,6,,4,4,4,4,4,5,5,4,5,4,4,3,1,4,2,6,5,85,2,4,4,4,5,5,5,5,90,95,60,95,13,19,4,4,4,4,4,4,5,5,1,3,5
q_101,1,1,3,1,1,2,"1,2",,1,3,2,4,5,6,,5,5,5,5,5,5,5,5,5,1,5,1,2,5,4,6,3,100,1,5,5,5,2,1,5,3,89,90,82,66,18,100,4,2,2,3,1,1,2,5,1,3,5
q_102,1,1,4,1,3,2,"5,6",,3,2,4,5,1,6,,5,4,4,1,3,3,3,3,3,1,3,1,2,3,4,6,5,40,5,3,2,2,4,2,4,2,71,70,76,71,7,45,4,3,3,4,3,3,3,4,4,2,4
q_103,1,1,4,1,2,2,"1,2,3,4,5,6",,3,2,4,5,1,6,,5,5,5,5,4,4,5,5,5,2,3,4,1,2,3,6,5,91,5,4,4,4,4,4,4,5,97,98,98,80,20,79,5,4,2,5,3,3,3,5,1,1,5
q_104,1,2,5,1,1,2,"1,2,3,4,6",,4,1,3,5,2,6,,5,5,5,1,5,5,5,5,5,1,3,2,1,4,5,6,3,82,1,5,5,5,4,3,5,4,100,100,100,100,36,100,5,5,5,5,5,5,5,5,3,2,5
q_105,1,1,5,1,3,3,"2,3",,4,2,3,5,1,6,none,4,4,3,4,2,3,4,3,4,3,2,2,1,5,4,3,6,34,1,3,3,3,3,4,2,2,79,80,60,50,40,50,5,3,5,5,3,3,3,4,2,2,4
q_106,1,3,6,2,2,3,"1,2,3,4",,1,3,2,5,4,6,,5,5,5,5,4,4,4,4,4,2,4,2,1,3,4,6,5,77,5,4,4,4,4,2,4,4,76,77,95,84,50,83,5,3,3,5,2,2,2,5,1,3,5
q_107,1,1,6,1,2,2,"1,2,3,4,5,6,7",,5,1,2,6,4,3,Mattel,5,5,3,5,1,4,4,4,5,1,1,4,3,2,1,5,6,15,3,3,2,2,2,1,6,2,94,94,52,52,4,31,5,1,1,5,1,1,1,4,4,2,3
q_108,1,2,3,2,3,2,"2,4,6",,2,1,4,6,5,3,Melissa & Doug,5,5,5,1,5,5,5,5,5,2,3,1,2,3,4,6,5,90,3,5,5,5,2,1,6,5,100,100,85,80,1,87,5,5,5,4,5,3,1,5,1,3,5
q_109,1,4,6,2,2,3,"1,2,3,5",,1,2,3,5,4,6,,5,5,5,2,4,4,5,5,5,2,4,4,2,3,1,6,5,73,2,4,4,4,3,3,6,4,100,82,90,71,11,100,5,5,5,3,1,1,1,5,2,3,5
q_110,1,1,4,1,1,1,"1,2,3,4",,3,4,1,5,2,6,,4,4,4,3,2,5,5,4,3,3,3,2,3,1,4,5,6,30,5,4,4,4,5,3,4,3,88,79,94,42,26,65,4,4,3,4,3,4,4,5,2,2,4
q_111,1,2,6,2,2,1,"2,3,4",,3,1,2,5,4,6,,4,4,4,2,2,5,5,4,5,2,2,2,1,4,3,5,6,57,5,4,4,5,5,1,5,4,92,100,82,73,0,56,5,2,1,3,1,1,1,5,1,2,4
q_112,1,1,4,2,2,2,"1,2,4,5",,1,3,2,5,4,6,,4,5,5,3,2,5,5,4,4,1,2,2,1,4,3,6,5,100,3,5,4,5,3,1,6,3,100,100,90,89,0,99,4,3,5,5,5,5,1,5,1,2,5
q_113,1,2,4,1,2,2,2,,3,1,4,5,2,6,,4,5,5,1,4,4,5,5,5,1,4,3,1,2,4,6,5,100,5,4,5,4,5,1,6,6,86,80,99,80,0,100,4,3,4,5,2,2,2,4,1,2,5
q_114,1,4,4,2,2,3,"3,5",,2,1,3,6,5,4,Mattel,4,5,5,2,2,5,5,4,4,1,2,1,2,4,3,6,5,28,2,3,2,2,4,1,5,2,98,96,70,70,0,30,3,3,3,4,1,1,3,4,4,2,5
q_115,1,3,4,1,2,2,"1,2,3",,3,2,4,5,1,6,,5,5,5,2,3,4,5,4,5,2,3,3,1,4,2,6,5,80,5,4,4,5,3,2,5,3,90,90,90,80,20,95,5,3,5,5,4,3,2,5,1,3,5
q_116,1,4,4,2,1,1,"2,4",,2,3,5,6,1,4,,5,5,5,1,3,4,5,5,5,2,5,1,2,4,5,6,3,86,5,5,5,5,2,3,5,4,86,90,91,90,33,96,5,3,5,5,3,3,3,5,1,2,5
q_117,1,2,3,2,3,2,"1,2,4",,2,1,3,5,4,6,,4,4,4,2,4,4,5,4,4,3,3,2,1,4,3,5,6,96,3,5,5,5,5,2,5,3,100,100,100,90,24,98,5,3,4,5,3,3,3,5,1,3,5
q_118,1,1,5,1,2,2,"3,4,5",,3,1,4,6,2,5,Hasbro,5,5,5,4,3,3,4,5,5,1,2,4,3,1,2,6,5,84,5,4,3,4,3,2,5,3,87,88,79,72,11,79,4,2,4,5,1,1,1,4,1,2,5
q_119,1,1,3,1,2,1,"4,5",,4,2,3,5,1,6,,4,4,3,3,3,3,3,3,3,3,3,3,4,1,2,5,6,90,3,4,3,4,5,4,4,4,75,79,80,80,69,83,4,2,2,4,2,3,2,4,4,2,5
q_120,1,1,2,2,1,1,"1,4",,1,2,4,5,3,6,,5,5,5,2,5,5,5,5,5,3,5,4,1,5,2,6,3,100,3,5,5,5,2,1,5,5,87,88,100,100,58,100,3,2,2,3,1,1,1,5,1,3,5
q_121,1,1,4,1,2,3,4,,2,3,4,5,1,6,,4,4,4,4,4,4,3,4,4,3,4,1,5,2,3,6,4,34,5,4,3,3,5,4,4,4,76,59,71,62,34,59,4,3,3,5,3,3,4,4,3,2,3
q_122,1,3,6,2,1,2,"2,4",,3,2,4,5,1,6,,4,5,4,1,4,5,4,4,5,5,4,2,3,5,1,4,6,69,4,4,5,5,5,5,6,6,89,84,95,99,70,79,4,5,4,5,5,4,4,5,4,3,5
q_123,1,2,3,2,2,1,"5,6",,3,2,4,5,1,6,n/a,5,5,4,2,2,5,5,3,3,2,2,2,1,4,3,6,5,100,5,5,4,4,4,2,3,3,92,94,98,68,11,100,5,3,3,5,1,1,1,5,4,3,5
q_124,1,1,6,1,1,1,2,,3,2,4,5,1,6,,5,5,5,3,3,3,4,4,3,2,3,1,2,4,3,6,5,77,1,5,4,3,5,2,6,3,91,90,80,80,21,100,5,3,3,5,3,3,3,5,1,2,5
q_125,1,1,2,2,2,2,"2,4,6",,2,1,4,5,3,6,,4,4,4,3,3,4,5,4,4,3,3,2,1,3,4,6,5,83,1,4,3,3,4,1,5,4,74,73,73,70,33,76,5,3,4,4,3,3,3,4,4,2,4
q_126,1,2,4,1,2,3,"3,4,6",,4,1,3,5,2,6,,4,5,3,2,2,4,5,5,3,1,2,2,1,3,4,5,6,100,3,4,3,5,4,2,5,4,77,100,100,78,16,85,5,4,5,5,4,3,3,5,1,2,5
q_127,1,2,6,2,2,1,1,,3,1,2,5,4,6,,5,5,5,1,4,5,5,5,5,4,4,2,1,4,3,6,5,51,4,5,5,5,5,3,5,5,100,99,60,50,14,69,5,5,2,5,2,2,2,5,1,2,5
q_128,1,3,4,2,2,3,1,,1,3,2,5,4,6,,4,4,5,1,2,5,5,4,3,1,1,2,1,3,4,6,5,82,3,5,3,3,3,1,4,3,76,100,69,26,1,79,4,5,4,5,3,4,3,4,4,2,5
q_129,1,2,4,2,3,2,"2,4",,2,1,3,5,4,6,,4,5,4,1,3,4,4,5,3,2,3,4,3,1,5,6,2,72,3,4,4,5,4,2,6,5,87,91,100,73,7,100,5,4,4,3,1,1,1,5,1,3,5
q_130,1,1,3,1,2,4,"1,3,4",,3,2,4,5,1,6,,4,4,4,4,2,5,4,4,4,4,4,1,2,4,3,6,5,70,1,4,2,2,2,2,5,2,80,80,70,80,70,30,4,3,5,5,4,4,1,4,1,2,4
q_131,1,3,5,1,2,3,"3,4",,3,4,2,5,1,6,,5,5,4,1,3,4,4,3,3,2,5,3,2,4,5,6,1,78,3,4,4,3,4,2,6,3,58,70,68,65,48,61,4,4,5,5,3,3,3,4,1,2,4
q_132,1,4,4,1,2,2,"1,2,3,4,6",,1,2,4,5,3,6,,4,4,5,2,4,4,5,4,3,3,4,2,1,4,5,6,3,90,3,4,4,5,4,2,6,4,82,96,92,87,24,96,5,4,5,5,2,1,1,5,1,3,5
q_133,1,4,3,2,3,1,"4,7",Pinterest,2,1,3,5,4,6,,4,4,4,3,3,4,3,3,2,2,2,2,3,1,4,6,5,50,1,4,4,4,3,3,4,2,93,89,78,73,30,88,5,3,4,4,3,3,3,5,3,3,5
q_134,1,4,4,1,2,4,"1,4,5",,4,3,2,5,1,6,,5,5,5,2,5,5,4,5,5,3,4,3,4,1,2,5,6,100,5,5,5,5,4,3,5,5,100,86,100,79,25,91,5,3,5,5,3,3,3,5,1,3,5
q_135,1,2,5,2,3,2,"3,6",,3,1,2,6,4,5,Mattel,4,5,5,3,4,5,5,4,5,3,3,2,1,4,3,6,5,85,1,4,4,4,4,2,5,4,75,91,84,83,59,65,5,4,4,4,3,1,1,5,3,2,5
q_136,1,2,5,1,2,4,"4,5,7",ChatGPT,4,2,3,5,1,6,,4,4,4,2,2,4,2,4,2,2,1,2,4,1,3,5,6,72,1,4,3,4,3,3,4,3,76,73,65,61,20,53,5,3,5,5,3,3,3,5,1,2,5
q_137,1,2,4,1,3,2,"4,5",,2,1,3,5,4,6,,5,5,3,2,2,5,4,4,3,1,2,1,2,3,4,6,5,98,1,5,4,4,5,3,4,3,94,94,94,86,50,95,5,4,5,5,4,3,3,5,1,3,5
q_138,1,1,3,1,2,2,"1,3,4,6",,3,2,4,5,1,6,,4,4,4,2,3,4,5,5,4,2,3,4,1,2,3,6,5,48,5,4,4,4,3,2,4,3,80,86,93,78,25,63,4,3,3,5,2,2,3,5,1,2,5
q_139,1,1,3,1,1,3,"1,2,7",reddit,1,2,5,6,3,4,nintendo,4,5,3,2,2,4,5,4,4,4,2,3,1,2,4,5,6,87,1,4,4,5,4,3,5,4,85,89,80,56,52,95,5,3,4,5,5,3,3,5,4,3,5
q_140,1,1,6,1,2,3,"3,4",,4,2,3,5,1,6,,4,4,4,2,2,4,4,4,3,2,2,1,2,3,4,5,6,51,1,4,2,4,4,2,5,2,88,80,80,71,21,79,4,3,3,5,2,2,2,4,1,2,4
q_141,1,3,2,2,3,2,"4,5,7",Reddit,2,1,5,6,3,4,Bratz,4,4,3,4,1,4,5,4,3,2,1,2,1,3,4,5,6,73,5,4,3,3,3,2,4,2,78,100,100,79,1,84,5,5,4,5,2,1,2,5,4,3,5
q_142,1,2,4,2,2,3,"1,2,3,6",,1,3,2,5,4,6,,4,4,2,2,3,4,4,5,2,1,2,2,3,1,4,6,5,75,5,4,4,4,4,2,5,2,75,80,88,60,37,73,4,4,4,5,3,2,2,4,1,3,5
q_143,1,2,6,1,2,2,"1,2,3,4,5,6",,4,1,3,5,2,6,,3,4,4,4,3,5,5,4,4,3,4,2,1,3,4,6,5,75,5,4,4,4,5,5,5,5,86,86,75,74,39,75,5,3,4,5,3,4,4,5,1,3,4
q_144,1,1,4,2,2,3,"5,7",Podcasts,3,2,4,6,5,1,Barbie,4,4,5,2,2,5,5,4,3,1,2,1,2,3,4,6,5,54,3,4,4,3,2,2,4,2,79,80,62,52,1,73,4,3,2,5,2,2,2,3,1,2,4
q_145,1,4,2,2,3,1,"2,3,4,5",,2,1,3,5,4,6,,5,5,5,1,3,5,5,5,5,2,2,2,1,3,4,6,5,100,3,5,4,4,4,2,5,4,100,100,100,100,11,99,5,5,5,4,3,2,1,5,1,2,5
q_146,1,1,3,1,2,4,"1,2,3,4",,3,2,4,5,1,6,,5,4,4,5,3,4,4,3,5,1,3,4,3,5,1,6,2,12,5,3,2,2,1,5,1,1,0,13,29,0,0,11,4,3,3,5,3,3,3,2,2,1,2
q_147,1,2,4,2,2,2,5,,2,1,3,5,4,6,,3,4,3,4,2,3,4,4,4,1,1,4,3,1,2,6,5,39,5,4,4,3,2,2,4,2,72,63,80,60,21,80,4,4,5,4,1,4,3,4,4,2,4
q_148,1,1,3,1,1,3,5,,1,3,5,4,2,6,,4,4,4,2,4,4,4,3,4,4,4,2,3,4,1,6,5,80,3,4,4,4,4,3,5,4,80,65,70,60,50,90,4,3,3,4,4,2,3,5,1,3,4
q_149,1,2,4,2,2,3,"1,5,6",,3,2,4,5,1,6,,4,4,4,2,2,4,5,5,5,2,2,4,1,2,3,6,5,70,5,4,4,3,4,2,5,3,80,80,80,71,50,68,4,4,4,4,4,3,3,4,1,2,4
q_150,1,2,4,2,2,3,"1,3,5,6",,1,2,4,5,3,6,,4,4,3,2,3,5,5,5,3,1,1,1,2,3,4,5,6,50,1,4,3,4,4,2,5,4,79,86,82,54,25,58,4,5,5,5,2,5,1,4,1,2,4
q_151,1,1,3,2,2,1,"1,2,3,4,5,6",,1,2,3,5,4,6,,5,5,5,3,4,4,5,5,4,2,2,2,1,4,3,6,5,88,2,5,5,5,2,5,4,2,93,95,88,75,9,22,5,4,3,2,3,3,2,5,2,3,5
q_152,1,2,4,2,1,3,"1,3,4,7",Reddit,2,1,5,6,4,3,Mattel,5,4,4,2,2,4,4,3,3,2,2,1,2,3,4,6,5,65,2,4,4,4,5,1,5,4,80,80,80,75,29,65,5,4,5,4,3,4,3,5,1,3,5
q_153,1,1,6,1,3,2,"1,4,5",,2,1,3,5,4,6,,5,5,4,2,3,4,5,5,5,2,3,4,1,2,3,6,5,69,5,4,4,3,2,2,4,4,51,59,56,50,22,78,4,4,4,3,3,3,3,4,4,2,4
q_154,1,2,5,1,2,2,"4,5",,3,4,2,5,1,6,,4,4,4,3,2,5,5,4,4,1,2,2,1,4,3,5,6,78,1,5,4,4,3,1,5,3,100,92,84,90,10,60,4,4,4,5,3,3,3,5,4,2,5
q_155,1,1,3,1,3,3,"5,6",,2,1,4,5,3,6,,4,5,4,2,2,4,5,5,5,3,2,4,1,2,3,5,6,80,2,4,4,4,5,4,2,4,86,95,95,81,41,90,5,4,3,5,4,3,3,5,1,3,5
q_156,1,3,5,1,3,4,"3,4,6",,2,3,4,6,5,1,Melissa and Doug,4,5,4,2,3,4,4,3,4,2,3,3,2,4,1,6,5,70,3,4,4,4,4,3,4,4,75,80,70,61,15,70,5,3,5,4,3,3,3,4,1,3,4
q_157,1,1,6,2,3,2,6,,2,1,3,4,5,6,,5,5,5,5,3,5,5,5,5,3,4,4,2,1,3,5,6,70,5,4,4,5,5,3,5,3,99,99,99,99,51,90,5,1,2,4,1,1,1,5,1,3,5
q_158,1,2,3,2,2,1,"5,7",,1,2,3,4,5,6,,3,4,4,3,4,4,4,2,3,1,2,2,1,4,3,6,5,67,2,4,3,4,4,2,4,3,100,86,73,54,9,80,3,4,4,4,1,1,5,5,1,3,5
q_159,1,1,6,2,3,2,"4,5",,2,1,4,5,3,6,,4,4,4,2,4,5,5,5,5,3,3,2,1,4,3,5,6,100,1,4,3,4,4,2,5,4,97,100,84,84,73,78,5,3,4,5,2,2,1,5,4,3,5
q_160,1,2,6,1,2,2,"1,2,3,4",,3,2,4,5,1,6,,5,5,5,2,4,4,5,4,4,3,4,5,1,2,3,6,4,100,5,5,5,5,4,3,5,4,91,80,100,90,70,91,5,4,4,5,2,2,2,5,4,3,5
q_161,1,2,4,2,2,1,"1,2,3,4",,2,1,4,5,3,6,,5,5,5,2,4,5,5,5,5,2,1,2,1,4,3,6,5,39,1,4,4,5,5,1,5,4,100,100,100,100,7,54,5,3,5,4,3,3,3,5,1,3,5
q_162,1,3,2,2,2,2,"1,2,3,4,5,6",,1,2,4,5,3,6,,4,4,4,1,4,4,5,4,5,2,3,2,1,4,3,6,5,97,5,5,5,4,2,2,5,5,85,92,94,79,18,89,5,2,5,4,4,4,2,5,4,3,5
q_163,1,2,2,2,1,4,"1,2,4,5,6",,3,2,4,5,1,6,,4,4,5,3,3,3,5,5,5,5,5,5,2,3,1,6,4,64,3,4,4,4,5,5,5,5,44,19,60,47,36,73,5,4,3,1,3,3,3,4,1,2,4
q_164,1,1,6,2,2,1,"4,6",,6,1,2,5,3,4,,1,1,1,5,1,5,5,5,5,5,5,1,2,3,4,5,6,0,5,1,1,1,3,4,2,3,50,50,100,50,49,51,4,2,3,5,3,3,3,3,1,2,3
q_165,1,1,2,2,2,1,"1,2,3,4",,2,1,3,5,4,6,,4,4,5,2,4,5,5,4,5,4,5,2,1,4,3,5,6,82,3,4,3,4,3,3,4,4,89,89,54,67,13,90,4,2,4,4,2,2,2,4,1,2,4
q_166,1,1,2,2,3,2,"1,6",,2,1,4,5,3,6,,4,5,4,2,4,4,4,5,3,1,3,3,2,1,4,6,5,90,2,4,5,5,3,1,5,3,90,90,85,70,5,90,5,3,5,5,3,4,2,5,1,3,5
q_167,1,2,5,1,2,2,"3,5",,3,1,2,6,4,5,,2,4,5,2,4,3,4,3,4,1,4,2,1,3,5,6,4,80,1,5,4,4,4,1,5,3,70,72,72,72,6,83,5,4,5,4,1,1,1,5,1,2,5
q_168,1,3,6,1,2,3,"3,5,6",,3,2,4,5,1,6,,4,5,4,4,4,4,5,5,5,2,3,3,2,1,5,6,4,89,3,5,4,5,5,5,6,5,63,83,90,85,31,45,5,3,3,5,2,2,3,5,1,3,5
q_169,1,3,3,1,3,1,"3,4",,1,2,3,4,5,6,,4,4,5,5,3,4,4,4,4,4,5,1,2,3,4,5,6,69,5,4,4,4,3,4,4,4,83,88,81,87,94,96,5,5,5,5,5,5,5,5,3,2,5
q_170,1,4,4,2,2,2,"1,2,3,4",,2,1,3,5,4,6,,5,5,5,1,5,5,5,5,5,2,5,2,1,3,4,6,5,95,5,4,4,5,5,3,5,3,96,95,97,98,43,97,5,5,5,5,3,5,3,5,4,3,5
q_171,1,2,4,2,3,3,4,,2,3,4,6,5,1,"Polly pocket, littlest pet shop, grand champions horses",4,4,3,2,1,3,3,3,3,1,1,1,2,3,4,5,6,45,5,4,3,3,2,2,4,3,57,64,66,69,11,40,4,3,5,2,1,1,1,4,4,2,4
q_172,1,1,3,2,2,4,"1,5,6,7",Reddit,3,1,4,5,2,6,,4,4,4,2,5,4,5,4,4,3,3,2,1,3,4,6,5,78,1,5,4,4,2,2,5,3,79,80,68,67,19,75,5,3,4,5,3,3,3,5,3,3,5
q_173,1,3,5,2,3,2,"1,4,5,6",,3,1,2,5,4,6,,5,5,5,2,3,5,5,5,4,2,3,2,1,3,5,6,4,83,1,4,4,4,4,2,6,4,95,95,95,80,4,88,5,5,4,5,1,1,1,5,1,3,5
q_174,1,1,5,2,3,1,"2,3,5",,2,1,3,6,5,4,Mattel,5,4,3,1,2,5,5,4,4,1,3,2,4,3,1,6,5,87,1,5,5,5,4,1,4,4,100,100,100,100,11,100,4,3,5,4,1,1,1,5,1,3,5
q_175,1,1,5,1,2,3,"3,4,5,6",,5,3,2,4,1,6,,5,5,4,3,5,5,5,4,4,2,4,2,1,3,5,6,4,75,1,4,4,2,4,1,5,3,80,90,70,40,5,70,5,3,1,5,2,2,3,4,1,3,4
q_176,1,3,3,2,3,1,"3,4",,2,1,4,5,3,6,,4,4,5,3,3,4,5,4,4,1,3,3,2,1,4,5,6,51,5,4,3,3,5,3,5,4,100,79,100,82,10,46,5,1,1,5,1,1,1,5,1,2,5
q_177,1,3,3,2,2,3,"1,3,7",pinterest,5,4,1,2,3,6,,4,4,3,3,1,4,4,4,5,1,1,2,3,4,1,6,5,9,2,2,2,3,4,2,5,4,72,72,76,80,53,9,3,2,5,2,1,5,3,3,4,2,3
q_178,1,3,2,2,2,2,"1,3,4",,3,1,4,5,2,6,,4,5,4,4,3,4,5,4,3,2,3,2,1,3,4,5,6,100,2,5,4,5,3,2,5,3,97,98,69,52,8,100,5,3,3,5,1,1,2,5,1,3,5
q_179,1,2,5,2,2,2,"1,2,3,4",,2,1,3,5,4,6,,4,4,4,2,4,5,5,5,5,3,3,2,1,3,4,6,5,100,3,5,5,5,4,3,5,4,100,100,100,80,50,100,5,4,4,5,4,4,4,5,1,3,5
q_180,1,1,3,1,2,2,"1,2,3,4",,3,5,1,4,2,6,,5,4,5,4,4,4,5,4,4,5,4,4,1,5,6,3,2,80,2,5,4,4,4,5,5,4,80,90,70,80,90,69,4,2,3,4,3,4,3,2,3,2,5
q_181,1,1,3,1,2,3,"3,4,5,6",,3,2,4,5,1,6,,1,5,4,1,4,5,5,5,5,3,4,5,2,4,1,6,3,80,4,4,4,4,4,3,5,5,79,78,89,81,74,70,5,5,5,5,4,4,3,5,4,3,5
q_182,1,3,4,1,2,3,1,,3,1,2,6,4,5,Nerf,4,4,3,3,2,4,5,4,4,2,2,2,1,3,4,6,5,35,5,3,3,3,3,2,5,3,86,92,93,93,43,74,5,5,3,5,4,3,3,5,1,3,5
q_183,1,3,6,1,3,3,"1,2,5,6",,4,2,3,5,1,6,,5,5,5,1,4,5,5,5,5,3,4,2,1,3,4,6,5,68,1,4,4,3,4,3,5,5,89,90,79,79,50,70,5,4,5,5,2,2,3,5,1,2,5
q_184,1,2,5,2,2,3,"1,3,4,5,6",,4,1,2,5,3,6,,4,4,4,2,3,4,5,4,4,3,3,2,1,3,4,5,6,84,4,4,4,2,4,2,4,2,100,100,91,90,49,58,5,3,5,5,3,3,3,5,1,3,5
q_185,1,2,4,1,2,3,"4,6",,2,1,4,5,3,6,,4,5,4,2,3,4,5,4,3,3,3,2,1,3,4,6,5,85,3,5,4,4,3,2,5,4,80,85,90,50,40,90,5,4,4,5,3,3,3,5,1,3,5
q_186,1,4,3,2,2,2,"4,5",,2,1,3,5,4,6,,4,4,2,5,1,5,5,5,5,2,1,2,1,3,4,5,6,26,1,1,1,4,2,5,2,1,92,98,80,71,18,51,5,4,4,4,3,3,3,5,4,2,5
q_187,1,1,3,1,1,2,"1,2,3,4,5,6",,2,3,5,1,4,6,,5,5,5,1,4,5,5,5,5,5,5,2,1,3,5,4,6,43,2,4,4,4,5,5,5,5,70,88,71,83,67,83,4,3,4,4,5,4,5,4,3,3,5
q_188,1,2,4,2,3,3,"1,2,3,4,5,6",,2,1,3,5,4,6,,4,4,4,2,3,4,3,4,3,2,2,2,1,3,4,6,5,89,3,4,4,4,4,2,5,4,90,80,90,80,10,90,4,4,4,4,3,3,3,4,1,2,5
q_189,1,1,5,2,2,3,"2,5,6",,3,2,4,5,1,6,,4,4,5,2,3,5,5,5,5,2,4,2,1,3,4,6,5,30,5,4,4,4,2,2,5,5,49,58,81,80,40,50,4,3,5,5,3,5,3,4,3,2,4
q_190,1,4,6,2,2,1,"1,2,5,6",,2,1,3,5,4,6,,3,4,3,2,2,4,5,4,3,1,1,1,2,3,4,5,6,89,3,4,2,4,3,3,4,2,71,65,65,70,19,94,4,4,4,5,3,3,3,4,1,2,4
q_191,1,2,5,2,1,1,"1,3,6",,2,1,3,5,4,6,,4,5,5,2,3,4,4,3,4,3,3,3,1,4,2,5,6,84,4,4,4,4,4,3,4,3,72,79,80,84,72,79,5,3,4,3,3,2,2,4,2,3,5
q_192,1,4,3,2,3,2,"1,3",,1,2,3,6,4,5,,4,4,4,3,4,5,4,4,3,1,2,1,4,2,3,6,5,74,5,4,3,4,4,1,5,3,79,81,80,71,23,74,4,3,5,5,1,1,1,5,1,3,5
q_193,1,1,1,1,2,1,5,,1,2,5,4,3,6,,3,4,4,3,3,3,4,4,4,4,4,3,1,4,2,6,5,49,1,4,4,3,5,4,4,3,59,70,60,70,80,69,3,2,2,3,2,2,3,4,1,3,4
q_194,1,4,4,2,1,1,"3,4,7",Common knowledge,4,3,5,6,2,1,Mattel,4,5,4,3,4,5,5,4,4,1,3,2,1,3,4,5,6,70,1,4,4,4,4,3,4,4,98,100,97,100,18,68,5,5,3,5,5,4,5,5,1,3,5
q_195,1,1,6,2,2,2,"1,2,3,4",,1,2,3,4,5,6,,4,5,5,2,4,4,4,4,4,3,4,1,2,3,4,5,6,94,3,4,4,3,3,1,5,4,83,92,91,95,98,97,5,3,3,5,3,3,3,5,4,2,5
q_196,1,1,3,2,2,4,"1,2,6",,4,1,2,5,3,6,,4,5,5,3,3,5,5,4,4,2,2,2,1,3,4,6,5,100,1,5,5,5,3,1,5,3,100,90,100,68,19,100,5,3,3,4,1,1,1,5,1,3,5
q_197,1,4,5,2,2,3,"1,3,4,6",,2,1,4,5,3,6,,2,4,3,2,2,4,4,4,4,1,2,2,4,1,3,6,5,11,2,3,3,4,3,2,4,2,58,72,68,70,25,35,5,5,5,5,4,3,3,5,1,2,4
q_198,1,1,3,2,1,1,"2,6",,2,3,4,5,1,6,,5,5,5,5,3,4,4,5,4,2,3,4,2,3,1,6,5,100,3,4,4,4,2,2,2,2,49,49,94,71,38,95,4,4,4,5,4,4,4,4,1,2,4
q_199,1,2,2,1,2,2,"5,6",,3,2,4,5,1,6,,4,4,5,2,4,2,5,3,4,2,4,5,1,4,2,6,3,86,3,5,5,4,2,1,5,2,86,100,100,80,10,100,4,2,3,5,1,1,2,5,1,3,5
q_200,1,2,4,1,3,1,"1,3,4,5",,3,2,4,5,1,6,,4,5,3,4,3,5,2,4,3,3,3,1,6,2,4,3,5,69,1,4,5,4,3,3,5,4,89,79,88,50,30,70,5,2,1,5,2,2,2,5,1,2,4
q_201,1,1,4,1,1,3,"6,7",Reddit,4,1,3,5,2,6,Micromachines,4,4,3,4,3,3,4,4,3,1,2,2,1,3,4,6,5,62,3,4,4,4,3,1,5,3,77,80,78,65,47,64,5,4,4,5,3,3,3,5,1,2,5
q_202,1,4,6,2,1,2,"1,5",,2,1,3,5,4,6,,4,5,5,3,5,4,5,5,5,2,4,3,2,1,4,6,5,91,2,4,5,5,5,3,5,5,81,95,80,91,40,79,5,2,4,4,1,1,1,5,1,3,5
q_203,1,2,3,2,3,2,"2,3",,1,2,4,6,3,5,,4,4,4,3,3,4,4,4,4,1,3,1,2,3,4,6,5,70,3,4,3,3,4,2,4,3,85,90,100,95,5,15,5,4,5,5,3,3,1,4,2,2,5
q_204,1,2,3,2,2,4,"1,2",,2,1,4,5,3,6,,4,5,4,1,5,5,5,4,4,1,4,2,1,3,4,6,5,83,3,5,5,5,5,2,5,4,100,100,79,51,32,100,5,5,4,4,3,4,2,5,1,3,5
q_205,1,2,4,1,2,2,"1,4,5,6",,4,2,3,5,1,6,,2,2,3,4,1,4,5,5,4,1,1,2,1,3,4,5,6,33,5,4,2,2,2,1,5,2,69,92,72,41,13,36,5,3,3,5,1,3,3,4,2,2,4
q_206,1,1,4,1,1,3,"1,2,4",,1,2,5,3,4,6,,4,3,4,4,4,3,2,4,4,3,3,1,2,3,4,5,6,68,5,4,4,3,4,5,4,5,77,49,89,75,67,56,4,3,4,4,4,3,3,4,1,3,4
q_207,1,2,3,2,2,3,"2,4",,2,1,3,5,4,6,,5,5,4,2,2,5,5,5,5,1,2,2,1,4,3,6,5,50,1,5,4,4,4,1,5,4,100,99,61,41,50,79,5,3,5,4,3,5,3,4,1,2,5
q_208,1,4,3,2,1,2,"1,2,4,7",Reddit,2,1,4,6,5,3,Disney,5,5,5,1,5,5,5,4,3,4,5,1,2,5,6,4,3,100,3,5,5,5,5,5,4,5,100,100,100,80,10,100,5,5,5,5,5,4,4,5,2,2,5
q_209,1,1,4,2,3,3,"3,5,6",,2,1,4,5,3,6,,4,4,4,3,3,5,5,5,5,1,2,2,1,3,4,5,6,57,3,5,5,5,4,2,5,4,61,82,84,69,37,84,5,5,5,5,5,1,1,5,1,2,5
q_210,1,1,4,1,1,3,4,,3,1,5,4,2,6,,4,4,3,3,1,3,4,4,3,1,1,3,1,2,4,5,6,39,3,4,1,1,3,2,4,2,76,74,73,35,0,42,4,3,4,4,3,3,3,4,4,2,3
q_211,1,1,4,1,2,2,"1,4,5,6",,4,2,3,5,1,6,,4,4,3,5,3,4,5,3,3,4,5,1,2,3,5,6,4,75,3,4,3,5,3,2,5,3,82,76,91,53,18,83,4,3,3,4,3,3,3,5,1,2,4
q_212,1,1,5,1,1,4,"5,6",,4,1,2,5,3,6,,4,4,3,4,3,4,5,5,4,2,2,2,1,3,4,5,6,52,1,4,3,3,4,2,5,2,86,88,82,77,9,55,5,3,4,5,3,3,3,5,1,2,4
q_213,1,1,4,1,2,3,"3,4",,4,1,2,5,3,6,,4,4,4,3,3,4,5,4,3,1,2,3,1,2,4,6,5,38,1,4,4,4,4,2,5,3,79,83,61,50,20,41,4,3,3,3,2,2,2,3,4,2,3
q_214,1,2,4,2,2,2,"1,3,4,5,6",,2,1,3,5,4,6,,5,5,5,1,4,5,5,5,5,3,5,2,3,1,4,6,5,100,3,5,5,5,4,2,4,4,100,100,100,100,39,100,5,3,5,5,2,2,2,5,4,3,5
q_215,1,4,6,1,3,2,6,,4,2,3,5,1,6,,2,4,2,4,2,3,3,2,3,2,2,3,1,4,2,6,5,27,1,2,2,2,3,2,4,2,75,75,49,50,10,50,4,3,4,5,3,3,3,4,3,2,4
q_216,1,1,5,2,2,1,"2,3,6",,1,3,2,5,4,6,,5,5,4,1,3,5,4,4,5,1,4,1,2,3,5,6,4,70,1,5,4,2,4,1,6,4,100,69,70,83,14,96,5,2,2,5,1,1,1,5,1,3,5
q_217,1,3,4,2,3,1,"1,5",,3,1,4,6,5,2,Mattel,5,5,4,1,2,4,2,5,1,1,2,1,4,2,3,6,5,100,3,5,5,5,4,1,6,4,100,99,100,100,28,99,5,2,5,5,1,1,1,5,1,2,5
q_218,1,1,4,2,2,4,"1,3,4",,2,1,3,5,4,6,,4,4,2,2,2,5,5,4,4,3,1,1,2,4,3,5,6,35,1,4,2,2,4,4,3,2,66,51,61,83,34,46,4,4,5,5,3,3,2,4,2,2,4
q_219,1,1,4,1,1,3,1,,4,2,3,5,1,6,,4,4,4,5,4,3,4,4,4,2,2,4,1,2,3,5,6,23,3,4,4,4,4,1,5,4,84,89,90,56,8,23,4,1,1,5,1,1,1,3,1,2,4
q_220,1,3,6,2,2,4,"1,2,4,5",,3,1,2,5,4,6,,5,5,4,2,3,4,5,4,3,3,3,1,2,3,5,6,4,90,2,5,4,4,4,3,5,5,81,100,84,63,48,100,5,4,3,4,3,2,3,5,1,2,4
q_221,1,1,3,1,1,3,"4,7","X, Reddit",4,3,5,6,2,1,Pokemon,4,5,3,1,2,4,4,5,4,2,1,3,4,1,2,5,6,32,3,4,4,4,2,1,4,2,58,87,35,19,0,97,4,3,3,5,3,3,3,4,4,2,4
q_222,1,3,6,2,3,2,"3,4",,3,1,2,5,4,6,,4,4,4,4,3,2,3,3,3,2,2,5,4,1,2,3,6,39,5,4,3,3,5,2,4,5,83,78,68,63,56,61,4,4,3,3,3,3,3,4,4,2,5
q_223,1,3,5,1,2,4,"1,5,6",,2,3,4,5,1,6,,4,4,3,3,3,4,4,4,4,1,2,3,2,1,4,6,5,72,5,4,4,4,3,1,4,3,80,90,89,60,3,90,5,2,4,5,1,1,1,5,1,2,5
q_224,1,2,4,1,1,4,"1,2,3,4",,4,1,2,5,3,6,,5,4,5,5,4,5,5,4,5,4,4,1,3,6,5,4,2,68,5,5,4,4,5,6,6,5,80,89,83,70,92,91,4,3,4,5,3,4,4,5,1,3,5
q_225,1,4,4,2,2,1,"1,2,3,4,5",,1,2,4,6,3,5,step 2,5,5,5,2,4,4,4,5,4,2,4,3,2,1,5,6,4,90,1,5,5,5,4,2,5,2,90,90,85,75,40,90,5,4,4,4,3,3,1,5,3,3,5
q_226,1,3,6,1,2,3,"3,4,5",,3,1,2,5,4,6,Tonka,5,5,4,2,4,5,5,4,3,1,4,2,4,1,3,6,5,81,5,4,5,4,2,2,4,3,80,79,78,63,14,78,5,3,2,5,2,2,2,5,1,3,5
q_227,1,1,3,1,1,3,"2,3",,3,2,4,5,1,6,,4,4,4,4,3,4,3,4,4,3,4,4,2,5,1,3,6,79,3,5,4,4,4,5,3,4,78,49,68,73,38,80,5,2,2,5,2,2,2,4,2,2,4
q_228,1,2,6,1,2,1,"3,4,6",,2,1,4,5,3,6,,4,4,5,2,3,4,4,3,3,2,3,2,1,4,3,5,6,72,1,4,4,3,4,3,4,2,75,60,62,51,41,67,4,3,2,4,2,2,2,4,1,3,4
q_229,1,2,5,2,2,4,6,,2,1,3,5,4,6,,4,5,5,2,3,3,4,5,5,1,3,4,3,1,2,6,5,86,3,5,4,4,5,3,5,3,86,90,93,92,50,90,4,4,3,4,3,3,3,4,4,2,5
q_230,1,2,6,2,2,3,"1,2,3",,1,3,4,5,2,6,,4,4,4,4,3,4,4,4,4,3,3,2,1,3,4,5,6,76,4,4,4,4,3,2,4,2,79,78,67,76,52,77,4,4,4,5,3,3,3,4,1,2,4
q_231,1,1,3,1,1,2,7,Books,4,2,3,5,1,6,,4,4,4,2,2,3,4,4,4,3,3,4,2,1,3,6,5,64,5,4,3,3,3,1,5,6,62,66,68,67,19,49,3,2,3,5,2,2,2,3,4,2,3
q_232,1,2,6,2,3,3,"3,4,5,6",,2,1,3,5,4,6,,5,5,5,4,3,5,5,5,5,2,3,2,1,4,3,6,5,51,2,4,4,4,4,2,5,5,80,91,91,81,60,80,3,3,2,3,2,2,2,4,1,3,5
q_233,1,1,3,1,2,2,"1,2,3,4,5,6",,4,2,5,3,1,6,,4,5,4,2,4,4,5,4,4,4,4,4,1,5,6,2,3,89,5,4,5,4,4,5,4,4,70,82,85,79,86,91,4,4,3,5,4,4,4,5,1,3,5
q_234,1,4,4,2,2,4,6,,3,1,2,5,4,6,,4,5,4,2,3,5,5,4,3,1,3,1,2,4,5,6,3,81,1,4,4,3,4,1,5,3,100,90,89,78,11,79,5,1,3,5,1,1,1,5,1,3,5
q_235,1,2,4,2,2,2,"1,3,4",,1,2,3,5,4,6,,5,5,3,3,3,3,4,5,5,2,2,4,3,1,2,5,6,80,1,4,3,3,3,2,5,4,99,99,99,69,49,85,5,3,5,5,3,3,3,5,1,2,5
q_236,1,2,5,1,2,4,"1,3,5",,2,1,3,5,4,6,,5,5,5,5,3,4,5,4,4,2,3,1,2,4,3,6,5,86,1,5,4,4,3,4,5,3,91,82,66,67,39,79,4,2,3,5,2,1,2,5,1,3,5
q_237,1,2,4,2,2,2,"1,2,3,4",,2,4,3,5,1,6,,5,5,5,2,4,5,5,5,5,2,4,1,5,2,4,6,3,90,5,5,5,4,5,2,5,4,100,100,100,90,40,100,5,4,4,3,1,1,1,5,1,3,5
q_238,1,2,4,1,2,4,"1,3,4,6",,2,1,4,5,3,6,,5,5,5,1,3,4,5,5,5,1,2,4,3,2,1,6,5,79,5,4,5,4,3,1,5,4,80,91,100,72,0,71,4,4,5,5,3,5,3,4,4,2,5
q_239,1,2,3,1,2,3,"1,2,3,4,5,6,7",,4,2,1,3,5,6,,4,4,4,2,2,4,5,4,4,4,4,1,2,4,5,6,3,65,1,4,4,4,5,4,5,5,50,73,80,89,77,89,4,4,4,5,4,4,4,4,3,2,4
q_240,1,2,4,2,2,3,"2,4",,1,2,3,5,4,6,,3,4,4,3,4,4,5,3,4,3,4,2,1,3,6,4,5,65,2,3,4,3,4,5,4,4,50,70,57,38,52,48,5,4,4,5,4,4,4,5,3,2,5
q_241,1,1,3,1,2,1,"5,6",,5,2,3,4,1,6,,3,3,4,4,2,4,4,4,3,2,2,1,2,3,4,6,5,27,5,2,2,2,2,2,4,2,80,69,87,57,3,11,5,3,3,5,3,3,3,4,1,2,3
q_242,1,2,4,2,2,2,"1,2,3",,2,3,1,5,4,6,,4,4,4,2,4,4,4,4,4,3,3,1,2,5,3,6,4,82,5,4,4,4,3,2,5,3,89,84,88,84,28,66,4,4,4,3,3,2,1,4,1,3,5
q_243,1,1,1,2,2,1,"1,5,7",Reddit,3,2,5,6,4,1,Polly Pocket,4,4,3,2,2,4,5,4,3,1,2,2,1,3,4,5,6,65,5,4,4,3,4,1,5,2,87,97,100,100,3,23,5,4,5,4,4,4,3,5,1,3,5
q_244,1,2,5,1,1,2,"1,2,3,4",,3,2,4,5,1,6,,4,5,4,4,5,4,5,4,5,5,5,3,2,1,4,5,6,52,2,4,5,4,6,6,5,6,100,82,93,86,90,91,4,4,4,5,4,3,3,4,1,2,4
q_245,1,1,4,1,2,4,"3,5",,3,4,2,5,1,6,,5,4,5,1,4,5,5,4,5,4,5,1,2,5,3,6,4,88,5,4,4,4,5,5,5,5,89,92,91,91,92,91,4,3,5,5,4,4,5,5,4,3,5
q_246,1,1,1,2,2,2,"1,2,3,4,5,6",,3,4,5,2,1,6,,5,5,5,1,4,5,5,4,4,5,5,5,1,3,6,4,2,100,3,4,5,4,5,4,5,5,88,90,96,96,96,100,4,4,3,5,3,4,5,5,1,3,5
q_247,1,1,5,1,3,2,"5,6",,4,2,3,5,1,6,,5,5,4,2,3,5,5,5,4,4,2,3,1,2,4,5,6,50,1,4,4,3,4,3,3,2,90,88,70,70,30,60,4,3,4,5,4,3,3,4,4,2,3
q_248,1,3,6,1,1,1,"1,2,3,4,5",,4,2,5,3,1,6,,2,2,1,1,4,4,4,4,4,4,5,3,5,6,2,4,1,9,4,2,4,3,4,4,4,4,23,21,32,48,52,39,4,4,3,5,4,2,4,2,3,2,5
q_249,1,3,5,1,2,4,"1,3,5",,3,1,4,5,2,6,,4,4,4,2,3,5,5,5,5,4,5,1,2,3,4,6,5,50,3,4,4,4,5,5,5,5,80,80,80,90,51,89,5,4,5,5,4,4,4,5,1,2,5
q_250,1,1,1,1,2,2,"4,6",,2,3,4,5,1,6,,4,4,3,5,1,4,5,4,5,5,2,3,2,4,1,5,6,23,2,4,4,4,4,5,3,4,87,86,89,54,31,48,4,3,4,5,4,4,4,4,2,3,5
q_251,1,2,5,1,2,3,"1,2,3,4,5,6",,1,2,5,4,3,6,gi joe,5,4,5,4,4,5,4,5,5,4,5,2,3,4,6,5,1,70,3,4,5,4,5,4,4,5,61,48,59,82,73,60,5,4,5,4,3,4,5,4,3,3,4
q_252,1,2,3,2,1,2,"1,2,4,6",,1,2,3,5,4,6,,3,4,2,3,4,3,3,3,5,4,2,2,4,3,5,1,6,49,2,4,4,2,3,4,4,4,40,61,46,59,47,53,4,3,4,5,3,3,4,3,2,1,5
q_253,1,3,6,1,1,4,"1,3,4,5,6",,1,2,4,5,3,6,,5,4,5,2,5,5,4,5,4,5,4,2,1,4,5,3,6,92,3,5,4,5,6,2,6,5,66,84,73,84,73,73,4,3,3,2,4,4,3,5,3,3,5
q_254,1,3,5,2,2,3,"2,3,4,5",,1,4,3,5,2,6,,4,5,3,2,2,3,5,4,4,3,2,3,1,5,2,4,6,68,1,4,4,4,3,4,2,2,87,80,63,69,38,79,3,3,3,3,4,3,2,3,2,2,3
q_255,1,2,5,1,1,4,"1,5,6",,4,2,3,5,1,6,,4,5,4,4,3,4,5,5,5,4,3,4,1,3,2,6,5,69,3,4,5,4,5,5,6,5,77,86,67,83,33,64,4,4,5,4,3,5,4,4,2,2,5
q_256,1,2,6,1,2,3,"3,4,6",,2,1,4,5,3,6,,5,5,5,2,5,5,5,4,4,4,5,2,1,4,3,5,6,51,5,4,4,4,4,4,5,4,84,71,83,52,80,65,4,1,2,3,1,1,1,4,1,3,5
q_257,1,1,2,1,1,2,"1,2,3,4,6",,3,2,4,5,1,6,,5,5,4,2,4,4,5,4,4,1,3,2,1,3,4,6,5,70,3,4,4,4,4,2,4,4,71,86,79,61,16,82,5,3,3,5,3,4,4,5,1,2,5
q_258,1,2,6,2,2,4,"1,3,4",,2,3,1,4,5,6,,3,4,4,4,2,4,5,5,4,3,2,3,1,4,2,5,6,82,3,4,4,4,4,4,5,3,70,77,69,72,61,75,4,3,3,3,3,2,2,3,2,2,3
q_259,1,3,5,1,3,2,"1,3,4,6",,4,2,3,5,1,6,,5,5,5,5,4,5,5,5,4,4,4,2,1,3,4,6,5,50,2,4,4,4,5,4,4,4,70,80,80,72,71,71,4,3,4,4,3,3,3,4,2,3,4
q_260,1,3,6,2,2,3,"3,4,6",,1,2,3,5,4,6,,3,4,4,2,3,5,5,5,5,1,4,1,2,3,4,6,5,100,1,4,5,5,5,3,4,4,100,100,100,100,37,73,5,5,5,4,5,3,3,5,1,3,5
q_261,1,1,6,2,1,1,3,,2,1,3,5,4,6,,3,4,2,4,1,4,5,3,4,1,1,3,1,2,4,6,5,49,5,3,4,2,4,1,5,4,74,89,98,81,14,43,5,2,1,1,1,1,1,5,4,3,5
q_262,1,2,4,3,1,2,"3,4,6",,3,1,2,6,4,5,,5,5,4,2,3,4,4,4,2,1,2,1,2,3,5,6,4,40,1,3,2,3,4,1,5,4,85,85,85,70,10,60,5,5,5,5,1,3,2,5,3,2,5
q_263,1,2,6,2,1,3,"1,4",,2,3,4,5,1,6,,4,4,4,4,3,5,5,5,4,1,3,1,2,3,4,6,5,50,5,4,3,2,2,1,4,3,19,50,80,19,11,50,2,2,5,5,2,2,2,2,1,1,2
q_264,1,3,5,2,1,4,"5,6",,1,2,4,5,3,6,,5,4,4,4,2,4,4,4,4,4,4,4,1,2,3,6,5,69,1,4,5,5,5,5,5,6,70,59,59,78,78,50,4,4,4,3,3,5,5,4,2,3,4
q_265,1,1,5,2,1,3,"1,4,5",,1,2,3,4,5,6,,4,4,4,2,5,5,5,4,3,1,3,2,1,3,4,6,5,33,1,4,4,4,5,1,5,3,82,88,87,71,10,45,4,3,4,5,3,3,3,5,3,3,4
q_266,1,1,4,1,2,3,"3,4,5,6",,3,2,4,5,1,6,,4,4,4,2,4,4,4,4,3,3,3,1,2,3,6,5,4,81,3,4,4,4,4,2,4,4,89,90,79,70,60,89,5,4,3,5,3,3,3,5,1,3,4
q_267,1,1,2,1,2,3,"3,4,5",,2,1,3,5,4,6,,5,5,4,4,4,4,5,4,4,2,3,2,1,3,4,5,6,74,5,4,4,5,4,3,5,3,86,89,89,84,44,88,5,3,3,4,3,3,3,5,4,3,5
q_268,1,1,3,1,2,2,"1,4,5,6",,1,3,5,4,2,6,,5,5,5,2,4,5,5,5,5,5,3,4,5,2,1,3,6,60,4,4,5,4,4,5,5,5,85,56,70,100,32,90,4,3,4,5,3,2,4,5,2,3,5
q_269,1,3,2,1,2,4,"2,3,4",,3,4,1,5,2,6,,4,5,4,1,4,5,5,5,5,5,5,3,1,4,2,5,6,50,2,4,4,4,5,4,4,4,100,100,90,89,88,84,4,2,3,3,3,3,3,3,1,3,4
q_270,1,4,5,2,1,1,2,,2,3,4,5,1,6,,4,4,5,4,3,5,5,5,5,3,5,1,3,4,2,6,5,81,1,4,4,4,5,3,5,4,100,100,100,44,46,100,5,3,5,5,3,3,3,5,4,3,5
q_271,1,1,6,1,1,1,6,,4,1,2,5,3,6,,5,5,3,4,3,5,3,5,3,1,2,1,3,2,4,5,6,0,5,1,1,1,3,2,5,3,90,90,90,10,0,0,4,1,1,4,1,1,1,3,3,2,3
q_272,1,4,6,1,2,1,"3,4,6",,4,1,3,6,2,5,,4,5,4,3,3,4,5,3,3,1,3,2,1,3,4,6,5,0,1,2,2,2,3,1,5,2,95,50,60,40,0,10,5,2,5,5,2,2,2,5,1,2,5
q_273,1,3,4,2,2,3,5,,4,2,3,6,5,1,Barbie,5,5,4,3,3,4,5,4,4,2,2,2,1,3,4,6,5,33,3,3,4,2,2,2,3,2,80,80,69,70,10,30,4,2,4,5,3,3,1,3,4,2,3
q_274,1,1,4,2,2,4,"1,2,3,5,6",,4,1,2,5,3,6,,4,4,5,1,2,5,5,5,5,1,2,2,1,4,3,5,6,74,1,4,5,5,3,2,5,4,82,84,91,79,12,65,5,4,5,2,2,4,3,4,1,2,4
q_275,1,2,3,1,2,3,"1,3,4",,3,1,2,6,4,5,,4,4,4,4,4,4,4,4,4,4,4,3,4,1,2,6,5,83,3,5,5,5,5,1,5,3,96,100,93,74,17,88,5,4,3,4,3,3,2,5,1,3,5
q_276,1,1,2,1,1,2,"1,4",,3,2,5,4,1,6,,5,4,4,4,5,5,4,4,5,4,4,6,1,4,2,3,5,27,5,4,4,4,5,5,6,5,53,82,85,61,43,38,5,2,2,5,2,2,2,5,4,2,5
q_277,1,1,2,1,1,2,"1,2,4,6",,4,2,3,5,1,6,,4,5,4,3,2,4,4,3,5,4,5,2,3,4,5,6,1,30,3,4,3,4,5,4,5,6,70,79,50,69,10,60,4,2,2,5,3,3,3,5,1,3,5
q_278,1,2,3,2,1,4,"1,2,4,5,6",,1,2,4,5,3,6,,5,4,5,2,4,5,5,4,4,3,2,2,1,4,3,5,6,95,3,5,4,4,2,4,5,2,90,94,85,80,60,94,5,4,4,5,3,4,2,5,4,1,5
q_279,1,4,6,1,3,2,"3,5",,4,2,3,5,1,6,,5,5,5,1,5,5,5,5,5,1,2,3,2,4,1,6,5,71,2,4,4,5,4,3,6,3,90,100,80,30,0,51,4,4,4,5,3,3,2,4,2,3,5
q_280,1,2,4,1,1,3,4,,2,4,3,5,1,6,,5,5,5,3,5,5,5,5,5,5,5,3,4,5,1,6,2,100,3,5,5,5,6,3,6,6,100,100,100,100,100,100,5,5,5,5,5,5,5,5,1,3,5
q_281,1,1,6,1,1,2,"3,4,6",,4,1,3,5,2,6,,4,4,4,2,2,2,4,3,5,3,2,4,2,3,1,5,6,29,5,4,4,4,3,3,5,3,63,50,90,80,1,81,5,2,1,5,3,3,3,5,1,3,5
q_282,1,2,4,2,2,3,7,trial and error,3,1,2,5,4,6,,5,5,3,4,2,5,5,5,3,2,3,3,2,1,4,6,5,91,1,5,3,4,3,1,5,4,99,99,90,99,10,90,5,5,4,5,3,2,2,5,1,2,5
q_283,1,4,5,1,2,4,"3,4,5,6",,5,1,3,6,2,4,Matchbox cars,5,4,5,1,4,4,5,5,3,1,4,2,1,3,5,6,4,84,5,5,5,4,4,1,6,3,92,96,98,73,7,83,4,3,4,5,2,2,2,4,1,3,4
q_284,1,2,4,1,1,3,"4,7",Reddit,1,2,4,5,3,6,,5,5,5,1,2,5,5,4,4,3,2,2,1,3,4,6,5,100,1,5,4,5,2,5,2,4,100,82,86,64,24,100,5,3,5,3,1,1,1,5,2,3,5
q_285,1,2,3,2,3,2,"1,2,3,5",,2,1,4,5,3,6,,4,5,3,2,4,4,4,4,4,2,3,3,1,4,2,6,5,100,1,5,4,5,5,2,5,5,100,100,100,100,58,100,5,3,5,5,3,5,3,5,1,3,5
q_286,1,2,6,1,2,2,"3,4",,4,2,3,5,1,6,,4,4,3,4,2,3,4,4,4,3,2,5,3,1,2,4,6,36,2,3,4,4,2,4,2,2,80,84,29,38,20,69,4,3,5,5,3,3,3,4,2,2,4
q_287,1,3,2,1,1,4,5,,1,2,3,4,5,6,,4,5,5,4,2,5,5,5,5,5,5,3,4,2,1,6,5,90,5,4,5,5,5,4,2,4,80,89,91,90,90,81,3,3,3,4,3,3,3,4,2,3,4
q_288,1,2,6,1,2,4,"3,4,5,6",,4,1,2,5,3,6,,4,4,3,4,2,3,5,4,3,2,3,2,1,3,4,6,5,29,5,4,4,3,5,1,5,4,91,100,91,80,0,93,4,3,3,4,3,3,3,5,1,3,5
q_289,1,4,3,1,2,2,"3,4,6",,2,1,4,5,3,6,,5,5,5,1,3,5,5,5,5,5,3,3,1,4,2,5,6,100,2,5,3,5,5,3,5,5,100,100,100,100,20,100,5,1,1,5,1,1,1,5,2,2,5
q_290,1,2,3,1,1,4,"1,2,3,4,5,6",,1,2,4,5,3,6,,5,4,4,1,3,4,5,4,4,3,3,4,1,2,3,6,5,81,3,4,4,3,4,2,4,4,80,80,85,75,0,95,5,3,3,5,2,1,2,5,1,3,5
q_291,1,1,4,1,2,2,"1,2,3,4",,5,1,2,3,4,6,,3,4,4,4,5,4,2,4,4,3,3,2,3,4,1,5,6,48,2,4,4,4,4,6,3,4,47,59,51,43,93,63,4,2,5,4,3,3,5,4,2,2,3
q_292,1,1,5,1,2,3,"1,4,5",,4,1,2,5,3,6,,5,5,5,5,3,5,5,5,5,2,2,4,1,2,3,6,5,1,1,1,1,1,1,1,1,1,0,0,0,0,1,0,4,3,1,5,2,1,1,1,4,1,1
q_293,1,2,4,2,2,2,"2,3,6",,1,3,4,5,2,6,,4,4,4,2,3,3,4,4,3,4,2,2,3,1,5,4,6,87,3,4,4,4,4,3,4,4,70,81,79,74,58,85,4,5,5,5,4,3,3,5,4,2,4
q_294,1,3,1,1,2,4,"1,2,4,5",,1,3,4,5,2,6,,5,5,4,1,5,5,5,5,4,5,4,4,2,5,3,6,1,88,1,4,5,5,5,5,4,5,85,88,76,78,74,78,5,2,4,5,4,3,2,5,1,2,3
q_295,1,2,4,1,2,2,"4,5,6",,4,1,2,5,3,6,,2,2,2,4,1,3,5,3,2,1,1,2,1,3,4,5,6,14,5,2,2,2,4,2,4,3,74,75,84,19,15,56,4,2,2,5,3,2,2,4,1,2,4
q_296,1,2,3,2,1,3,"1,2,3,4,5",,3,2,4,5,1,6,,5,4,4,2,3,5,5,4,4,4,3,2,1,4,3,5,6,93,3,4,4,4,4,3,4,4,76,93,89,90,70,90,4,4,5,4,3,5,3,4,2,3,5
q_297,1,1,4,2,2,1,"1,3,4,6",,1,3,5,6,4,2,Mattel,5,5,5,1,4,5,5,5,5,3,4,1,4,2,3,6,5,96,3,5,5,5,5,1,5,3,99,98,99,96,49,95,5,5,4,3,1,1,2,5,1,3,5
q_298,1,1,6,1,2,3,4,,4,1,3,5,2,6,,4,4,5,3,3,4,5,4,4,3,4,2,1,4,5,6,3,90,3,4,4,5,3,1,6,5,96,100,93,91,68,100,5,1,5,5,1,1,1,5,1,3,5
q_299,1,4,6,2,2,2,"1,2,3,4,5,6",,1,3,4,5,2,6,,5,5,4,1,4,4,5,4,4,4,4,1,2,4,3,6,5,91,2,4,4,4,5,3,4,4,92,91,91,77,63,91,5,5,5,5,1,1,1,5,1,2,5
q_300,1,2,4,2,3,1,1,,2,4,5,6,1,3,knex,4,4,5,1,3,4,5,5,4,3,3,3,4,1,2,6,5,69,5,4,4,2,2,1,5,4,88,71,90,40,100,71,5,1,4,5,1,1,1,4,3,2,4
q_301,1,2,4,2,2,4,"1,3,4,5,6",,1,2,5,4,3,6,,5,5,5,4,4,5,5,5,5,5,4,2,4,1,3,5,6,90,3,5,5,5,4,4,5,3,95,90,90,85,65,95,4,3,5,5,3,3,3,4,1,2,5
q_302,1,1,3,2,3,3,"1,2,3,6",,2,1,4,5,3,6,,4,5,4,2,4,4,3,4,4,2,3,1,2,4,5,6,3,68,1,4,5,4,5,5,4,4,81,63,74,51,18,67,4,3,2,4,3,4,3,4,3,2,4
q_303,1,1,5,1,2,2,"1,2,3,4,5,6",,1,3,2,5,4,6,,4,4,3,3,3,5,5,4,3,3,3,2,1,3,5,4,6,51,1,4,4,4,4,3,4,4,89,81,71,78,61,69,4,3,3,4,3,3,3,5,2,3,5
q_304,1,1,2,1,2,2,"1,2,3,4,5,6",,1,2,4,5,3,6,,5,5,5,1,4,5,5,5,5,5,5,1,4,2,3,5,6,100,3,5,5,5,5,5,5,5,92,100,100,84,99,84,5,3,3,5,1,2,3,5,3,3,5
q_305,1,1,6,1,1,1,"3,5,6",,4,1,3,5,2,6,,5,4,3,4,2,2,5,4,3,3,2,3,1,2,4,5,6,40,1,3,2,5,3,4,3,2,90,100,80,50,30,60,5,3,3,5,2,2,1,4,2,2,4
q_306,1,2,4,2,2,4,"1,3",,2,1,3,5,4,6,,4,4,4,2,2,5,5,3,3,2,2,1,2,3,4,6,5,71,3,5,4,4,4,2,4,4,100,100,89,79,51,69,5,3,5,5,3,3,3,5,1,3,5
q_307,1,2,4,1,1,2,"4,5",,2,3,4,5,1,6,,4,5,4,4,3,4,5,4,4,4,5,3,5,1,2,4,6,90,1,4,4,5,4,5,5,4,79,59,78,81,28,100,3,3,3,5,3,4,3,5,1,3,5
q_308,1,2,6,1,2,1,"1,2,3,4",,1,3,2,5,4,6,,5,5,5,1,5,5,5,5,5,1,5,1,3,2,5,6,4,100,5,5,5,5,5,1,5,5,100,100,100,100,0,100,5,3,3,5,3,3,3,5,1,3,5
q_309,1,2,3,1,2,1,"1,2,3,4",,3,5,1,4,2,6,,4,2,3,3,2,2,4,3,3,4,3,2,4,6,1,5,3,65,2,3,2,4,4,3,4,4,58,73,36,62,43,58,3,4,3,2,4,3,2,3,2,2,3
q_310,1,4,5,2,3,1,"2,3,4",,2,1,3,4,5,6,,4,5,4,4,2,3,2,3,3,3,4,3,1,2,4,5,6,33,2,4,4,3,4,5,4,5,35,44,50,52,46,54,4,4,3,5,5,2,2,5,2,2,3
q_311,1,1,4,2,1,4,"1,4",,3,5,2,4,1,6,,5,4,5,1,3,4,5,4,5,5,4,2,1,6,4,5,3,69,1,4,5,4,5,4,5,4,74,92,80,71,72,87,4,3,2,4,1,1,2,5,2,3,4
q_312,1,1,3,1,2,4,6,,2,1,3,5,4,6,,4,5,5,4,2,4,5,4,3,2,2,2,1,3,4,6,5,87,3,4,3,4,4,3,5,4,92,92,85,62,35,85,5,3,4,4,4,3,3,5,1,1,5
q_313,1,2,5,1,1,3,"4,5",,4,1,3,5,2,6,,5,5,5,1,4,4,2,5,1,1,4,2,4,1,5,6,3,28,5,2,1,1,2,2,1,1,38,70,70,57,4,12,4,2,3,5,2,2,3,4,4,2,3
q_314,1,4,6,2,2,2,6,,2,1,3,5,4,6,,4,5,3,1,1,5,5,4,4,3,2,2,1,3,4,5,6,49,1,4,4,4,5,1,5,5,100,100,91,95,12,78,5,5,5,5,3,2,2,5,1,3,5
q_315,1,1,4,1,2,3,5,,3,2,4,5,1,6,,5,5,5,5,3,5,5,5,5,5,2,1,4,2,3,5,6,30,3,5,4,4,5,4,5,5,100,100,100,100,0,100,5,3,5,5,3,5,3,5,4,2,5
q_316,1,1,3,1,2,4,"1,2,3,4,5,6",,1,3,2,5,4,6,N/A,5,5,5,1,5,5,5,5,5,5,5,4,1,2,5,3,6,100,2,5,5,5,5,5,5,5,100,100,100,100,100,100,5,5,5,5,5,5,5,5,3,3,5
q_317,1,2,3,2,2,3,"1,2,3,4",,1,4,2,3,5,6,,4,3,4,4,3,4,3,3,3,3,4,1,3,2,5,4,6,50,1,3,3,3,4,4,4,4,63,72,55,52,37,64,3,3,4,3,3,3,4,4,2,3,4
q_318,1,1,4,1,1,1,"4,5",,4,3,2,5,1,6,,4,5,3,3,3,5,5,5,5,5,3,1,3,4,2,6,5,100,3,5,5,5,4,3,4,3,52,63,82,54,19,92,4,2,3,5,3,3,2,5,1,2,4
q_319,1,2,4,1,2,3,"4,5,6",,3,2,4,5,1,6,,3,4,3,2,3,3,3,4,3,3,1,2,4,1,3,5,6,49,4,4,3,3,4,3,4,2,70,70,68,64,48,59,4,3,3,5,3,3,3,4,1,3,4
q_320,1,4,4,2,3,1,"1,2,3,4",,3,2,4,5,1,6,,5,5,5,1,4,5,5,4,3,2,4,2,1,3,6,5,4,76,3,4,5,5,5,2,5,5,96,100,97,100,72,100,5,1,3,5,2,1,1,5,4,3,5
q_321,1,2,4,1,1,3,"1,2,4",,3,5,4,2,1,6,,4,5,5,2,4,4,5,4,4,4,4,5,1,3,2,6,4,88,1,4,5,5,3,5,4,4,86,81,77,79,63,84,4,3,3,5,4,3,4,4,4,3,5
q_322,1,3,6,1,1,3,"1,2,3,4",,1,2,3,4,5,6,,5,5,5,1,5,5,5,5,5,5,5,3,4,5,2,6,1,100,1,4,5,4,5,5,5,4,82,67,100,71,8,100,5,4,5,4,4,5,5,5,4,3,5
q_323,1,1,4,1,2,1,"3,4,5,6",,4,1,2,5,3,6,,3,2,4,4,1,4,4,4,5,4,1,4,1,3,2,5,6,74,3,4,4,2,5,4,3,3,78,100,85,70,72,70,5,3,3,5,3,3,3,5,4,2,4
q_324,1,1,4,2,1,1,"2,5",,1,2,4,5,3,6,,4,4,4,2,2,5,5,5,5,1,2,1,2,3,4,5,6,44,1,4,3,3,5,1,5,3,82,81,81,80,97,54,4,3,2,4,1,1,1,4,1,3,4
q_325,1,2,5,1,1,4,"4,5",,3,2,1,4,5,6,,4,4,2,4,4,4,4,4,4,4,4,4,2,5,1,3,6,80,5,4,4,4,5,5,2,5,59,60,58,70,74,73,4,4,4,4,4,4,4,4,2,3,4
q_326,1,1,2,2,1,2,"1,2,3,4",,2,3,5,1,4,6,,4,3,5,4,4,4,3,4,5,3,5,4,5,2,3,1,6,70,3,4,3,5,5,4,6,3,80,60,39,70,49,31,4,3,4,5,3,4,3,3,3,2,4
q_327,1,2,3,1,2,2,"4,6",,1,5,2,4,3,6,,4,5,5,1,3,5,5,4,3,2,5,1,2,4,5,6,3,100,5,5,5,4,5,6,5,5,100,100,100,100,100,100,5,4,5,5,5,5,5,5,1,3,5
q_328,1,1,4,1,2,2,"3,4",,4,1,2,5,3,6,,4,5,3,4,2,5,5,4,4,2,2,2,1,4,3,5,6,31,1,3,3,3,4,2,5,3,95,95,90,85,10,40,5,2,3,5,3,3,3,5,4,2,5
q_329,1,2,5,1,3,1,"4,6,7",X,4,2,3,5,1,6,Tyco,5,5,5,3,4,4,4,5,2,1,4,2,4,1,5,6,3,10,4,2,2,3,3,1,5,2,0,80,60,40,10,20,3,4,5,5,3,3,3,3,1,2,4
q_330,1,2,6,2,2,2,"1,2,3,5",,1,2,4,5,3,6,,5,5,5,2,4,5,5,5,5,4,4,1,3,4,2,5,6,97,1,5,5,4,5,4,5,4,88,92,91,89,92,96,5,5,5,5,4,4,4,5,1,2,5
q_331,1,2,2,2,2,2,"1,3,4,6",,1,2,4,5,3,6,,4,4,4,4,3,4,4,4,4,4,4,2,1,3,5,4,6,97,1,4,4,4,5,5,5,5,75,85,73,82,81,84,5,3,5,5,3,3,3,5,1,1,5
q_332,1,1,4,1,3,2,"3,4",,3,2,5,6,1,4,nerf,4,4,3,2,2,3,4,4,4,1,2,4,2,1,3,6,5,41,5,4,4,4,3,2,5,2,75,90,75,70,15,65,5,3,3,4,3,3,3,4,1,2,4
q_333,1,1,2,2,2,1,"1,2,3,4,5",,1,2,3,5,4,6,NA,5,5,5,1,4,5,5,5,5,3,5,4,3,2,1,6,5,100,5,5,5,5,5,3,5,3,100,100,100,100,99,100,5,2,5,5,2,2,3,5,1,3,5
q_334,1,1,3,1,2,2,5,,1,5,2,3,4,6,,5,4,4,4,4,5,5,4,4,4,4,2,1,5,3,4,6,81,1,4,4,4,5,5,5,5,81,91,80,80,80,81,4,4,4,4,5,4,4,4,2,3,5
q_335,1,1,4,2,2,2,"2,4,5,6",,1,2,3,4,5,6,,4,4,4,2,5,5,5,5,5,5,3,2,1,4,3,5,6,71,2,4,4,4,4,5,2,2,80,85,86,60,10,89,3,3,4,5,4,4,5,5,2,2,4
q_336,1,3,5,2,3,2,"5,6",,3,2,4,5,1,6,,5,5,5,4,3,3,5,4,4,3,3,4,1,2,3,5,6,71,5,4,5,5,2,4,3,3,71,89,84,31,9,82,5,4,5,5,2,1,3,5,2,2,5
q_337,1,1,6,2,3,2,"1,3,4",,1,4,3,5,2,6,,4,4,4,2,2,4,4,3,4,3,2,2,1,3,4,5,6,70,2,4,5,5,5,5,5,6,90,91,70,70,50,50,4,3,5,5,3,3,3,5,2,1,5
q_338,1,2,4,2,2,2,"1,2,3",,2,1,3,5,4,6,,4,4,4,2,3,4,5,4,4,2,3,1,2,4,3,5,6,80,3,5,5,5,5,2,5,5,76,90,78,76,18,90,5,5,5,3,3,4,1,5,1,3,5
q_339,1,3,6,2,2,1,"3,4,5,6",,2,1,4,5,3,6,,4,4,4,4,3,4,4,4,4,4,3,1,4,3,2,5,6,50,1,3,3,3,3,3,3,3,100,100,100,100,100,0,5,3,4,5,3,3,3,5,4,3,5
q_340,1,2,5,2,2,4,"1,4",,3,4,2,5,1,6,,4,4,4,1,2,4,5,4,3,1,3,2,1,3,5,6,4,0,1,1,3,1,4,1,6,3,99,96,91,73,0,1,5,3,5,5,3,3,3,5,1,2,3
q_341,1,2,6,1,2,3,"4,5,6",,1,2,3,4,5,6,,4,4,2,5,1,4,5,5,3,4,1,3,1,2,5,4,6,20,5,2,2,2,1,6,1,3,71,80,89,80,2,10,4,3,3,5,3,3,3,3,2,1,1
q_342,1,3,4,2,2,2,"2,4,5",,3,4,2,5,1,6,,4,4,4,2,3,4,4,4,5,4,3,2,3,4,1,5,6,80,5,4,4,3,4,4,4,4,80,80,81,81,50,79,3,3,3,4,3,3,3,4,1,3,4
q_343,1,1,5,2,3,1,"3,4,5,6",,3,1,2,5,4,6,,5,5,5,1,4,5,5,5,5,3,3,5,2,1,3,6,4,100,5,5,5,5,3,4,4,3,90,90,89,80,59,100,5,1,1,5,1,1,1,5,2,3,5
q_344,1,1,6,1,2,4,5,,2,1,5,4,3,6,,4,5,4,2,4,4,4,3,3,1,4,1,4,5,3,6,2,26,1,3,3,3,4,2,5,3,80,79,90,78,50,60,5,1,1,5,1,1,1,5,1,2,5
q_345,1,1,6,2,2,4,"1,4,6",,3,1,2,5,4,6,,4,4,2,5,1,3,3,5,3,2,1,3,2,1,4,5,6,70,5,4,2,4,2,3,2,2,79,79,90,65,4,69,5,3,4,3,1,1,1,4,4,2,4
q_346,1,2,5,1,1,3,1,,4,2,3,5,1,6,,4,4,2,2,2,3,4,3,3,2,2,4,1,2,3,5,6,27,1,4,2,2,3,2,4,2,81,90,70,61,30,50,5,5,5,5,5,5,2,5,4,2,4
q_347,1,4,3,2,3,2,2,,1,2,3,5,4,6,,4,5,5,1,3,5,4,5,4,3,3,1,2,3,4,6,5,70,1,5,5,4,4,1,6,5,100,80,100,100,19,100,4,5,5,5,5,1,1,5,1,3,5
q_348,1,4,6,2,2,3,"4,5",,4,5,2,1,3,6,,4,4,5,2,4,4,5,4,5,4,4,3,2,4,1,6,5,48,4,4,4,4,4,5,5,5,60,75,70,80,60,70,4,4,4,5,4,5,5,5,1,3,4
q_349,1,2,5,1,1,4,"1,4,6",,1,2,4,5,3,6,,5,5,5,2,3,4,5,5,4,1,4,1,2,3,5,6,4,79,3,4,4,5,4,1,6,3,73,90,80,58,10,91,4,2,4,5,1,1,1,4,4,3,4
q_350,1,2,6,2,1,2,"1,2,3,4",,4,1,2,5,3,6,,5,5,5,2,4,5,5,5,5,4,3,1,4,2,3,5,6,100,1,5,5,5,5,2,5,5,100,98,100,100,41,100,5,2,5,5,2,3,2,5,1,2,5
q_351,1,2,6,1,3,2,"4,5",,3,2,4,5,1,6,,5,5,5,2,2,5,5,5,2,1,4,2,3,1,4,6,5,61,5,5,5,5,4,1,6,1,100,100,100,59,0,100,4,2,2,5,2,2,2,5,1,3,5
q_352,1,2,4,2,2,3,"1,2,3,4,5,6",,2,1,3,5,4,6,,4,4,4,2,3,5,5,5,3,1,1,1,3,2,4,5,6,34,5,4,4,4,2,2,4,4,88,84,100,47,16,46,5,5,3,3,1,3,3,5,4,3,5
q_353,1,3,3,2,2,2,"2,3,5,6",,3,2,1,5,4,6,,4,4,4,3,3,4,4,5,5,2,2,4,3,1,2,6,5,71,1,4,3,4,2,2,5,3,84,92,82,77,14,61,5,5,4,4,1,1,1,5,1,2,5
q_354,1,3,5,2,2,1,"2,3",,3,2,1,5,4,6,,4,4,4,2,2,3,3,4,4,1,1,4,3,1,2,5,6,75,5,4,4,2,3,2,4,2,88,76,86,80,19,51,3,3,4,2,2,4,2,4,1,2,4
q_355,1,2,5,2,2,2,"1,6",,3,2,1,5,4,6,,4,4,4,2,3,4,5,5,4,2,3,4,2,3,1,5,6,74,2,4,4,4,3,3,4,4,80,82,80,81,71,90,5,3,4,5,3,5,3,5,4,2,4
q_356,1,4,5,2,2,2,"2,3,4",,3,1,4,6,5,2,barbie,5,5,4,2,3,3,3,4,4,1,3,4,3,1,2,6,5,85,3,5,4,3,3,2,5,2,80,90,89,81,31,71,5,5,5,4,3,3,3,5,1,2,5
q_357,1,1,2,1,2,1,"1,4",,5,1,3,4,2,6,,2,1,3,3,3,1,2,1,1,3,3,4,6,5,2,3,1,55,2,1,3,3,2,1,3,3,44,20,53,16,41,45,3,2,4,3,3,1,4,3,1,2,4
q_358,1,3,6,1,2,1,"1,2,3,4",,3,4,5,2,1,6,,4,4,4,3,3,5,5,4,4,3,3,2,1,3,4,5,6,68,1,4,4,4,4,4,4,4,65,64,63,62,61,61,3,3,3,4,3,3,3,3,1,2,3
q_359,1,1,2,1,2,2,"1,4",,3,2,4,5,1,6,,4,4,2,3,2,4,5,4,3,1,1,3,4,1,2,6,5,26,1,2,2,2,2,1,4,4,80,75,72,66,2,3,4,4,4,5,3,3,3,4,1,2,4
q_360,1,4,2,2,3,2,2,,2,1,4,5,3,6,,5,4,5,5,5,4,5,5,4,1,2,2,1,4,3,5,6,97,3,5,5,4,3,5,5,4,50,87,63,100,24,99,3,1,1,5,1,1,1,5,1,3,5
q_361,1,3,4,1,2,4,"1,3,5",,4,2,1,5,3,6,,5,5,5,2,2,4,5,5,5,3,3,3,2,1,4,6,5,70,1,4,5,5,2,3,4,1,100,100,90,80,0,80,5,3,3,5,3,3,3,5,1,3,5
q_362,1,2,3,2,2,4,"1,3,4,5,6",,1,3,4,5,2,6,,4,4,5,1,4,4,5,5,4,1,4,1,5,3,4,6,2,90,1,5,5,5,4,2,6,3,96,77,75,49,5,87,4,2,5,5,2,1,1,4,4,3,5
q_363,1,2,2,2,2,2,"1,2,3,4,5",,1,3,2,5,4,6,,4,4,4,4,2,4,4,4,3,4,3,1,3,2,5,4,6,76,4,4,3,3,4,3,4,3,78,78,77,84,34,80,5,5,5,5,3,3,3,5,1,2,5
q_364,1,2,6,2,2,2,"1,2,3,4",,4,1,2,5,3,6,,4,4,4,3,3,4,4,4,4,2,3,3,1,2,4,6,5,68,5,4,4,3,4,2,5,3,86,91,98,90,50,88,5,3,5,5,3,3,3,5,1,3,5
q_365,1,2,3,1,1,3,"1,2,3,4,5",,2,4,3,5,1,6,,4,4,4,2,4,4,5,5,5,4,4,5,2,4,1,6,3,89,1,4,4,4,4,3,4,4,86,88,84,73,68,84,4,4,3,5,4,3,4,5,1,3,5
q_366,1,1,6,1,2,3,"4,5,6",,3,2,4,5,1,6,,5,5,5,2,4,5,5,5,5,1,3,3,2,4,1,6,5,80,1,4,4,3,4,1,5,2,95,95,52,52,10,87,4,1,2,5,1,1,1,5,3,3,5
q_367,1,3,3,2,1,1,"1,2,3,4",,4,2,3,5,1,6,,4,4,4,2,3,4,4,3,4,3,2,3,1,4,2,6,5,98,3,5,5,5,2,4,4,3,90,100,99,99,10,99,5,5,5,3,3,3,3,5,1,2,5
q_368,1,4,6,2,1,1,"3,4,5,6",,3,1,2,5,4,6,,5,5,5,2,5,4,4,4,2,1,5,3,4,2,5,6,1,100,1,5,5,5,5,1,5,5,100,100,100,100,17,82,5,1,4,5,1,1,1,5,1,3,5
q_369,1,4,4,2,3,2,"1,2,3,4,6",,1,3,2,5,4,6,,4,5,5,1,4,5,5,5,5,3,3,1,3,4,2,6,5,81,1,5,5,5,4,1,5,5,84,82,88,85,5,100,4,4,5,2,2,5,2,5,1,3,5
q_370,1,1,5,2,2,2,"2,3",,1,2,4,5,3,6,,5,5,5,2,5,5,5,5,5,1,3,5,1,3,2,6,4,99,3,5,5,5,3,1,5,5,93,94,92,95,4,100,5,5,5,5,5,5,3,5,1,3,5
q_371,1,2,6,1,2,4,6,,4,1,3,5,2,6,,4,4,3,3,1,3,5,4,5,4,3,4,1,3,2,5,6,21,2,3,3,3,3,3,3,3,75,88,71,46,42,23,4,3,4,5,3,3,3,4,2,2,4
q_372,1,1,3,1,1,1,"1,4,5",,4,3,1,5,2,6,,4,5,5,3,4,4,5,5,4,5,4,6,1,3,4,5,2,70,2,4,5,5,4,6,5,5,58,92,80,61,71,88,3,3,2,4,2,3,3,4,3,3,5
q_373,1,2,6,2,2,2,"3,4,5,6",,1,3,4,5,2,6,,5,5,5,1,5,5,5,5,5,1,4,2,4,3,1,6,5,100,4,5,5,5,5,1,5,5,100,100,100,100,75,100,5,4,5,4,3,3,3,5,1,3,5
q_374,1,2,4,2,3,4,2,,3,2,4,5,1,6,,5,5,5,1,5,5,5,5,2,2,3,2,1,3,5,6,4,50,2,4,4,5,4,1,5,3,100,100,30,50,10,70,4,3,3,5,3,3,3,5,4,3,5
q_375,1,2,3,2,2,2,"2,3,6",,2,1,3,6,4,5,,5,5,5,1,4,4,5,5,3,1,2,2,1,3,5,6,4,81,5,4,4,5,4,1,6,3,85,91,91,71,0,87,5,3,5,5,2,1,1,4,1,2,5
q_376,1,3,4,2,2,1,"3,5",,3,1,2,5,4,6,,1,1,3,5,1,5,5,5,5,3,1,2,1,3,4,5,6,0,2,1,1,1,3,3,3,4,77,76,63,31,8,0,5,3,5,5,3,3,3,4,4,2,4
q_377,1,1,4,2,2,4,"1,2,3,6",,1,2,3,5,4,6,,5,5,5,2,3,5,5,5,5,2,3,2,1,3,5,6,4,100,3,5,4,4,3,2,5,4,100,100,100,82,17,100,5,3,5,2,3,3,3,5,1,3,5
q_378,1,1,6,1,1,1,"3,6",,2,5,3,4,1,6,,5,4,4,2,3,5,4,4,4,2,5,1,5,3,4,6,2,80,5,5,4,4,4,2,5,4,75,80,95,75,40,100,4,4,4,5,3,4,2,4,1,3,5
q_379,1,1,5,1,1,3,"1,4,6",,3,2,4,5,1,6,,4,4,3,1,4,5,5,4,4,2,2,3,4,1,2,5,6,45,1,4,3,3,4,3,1,4,88,89,81,80,77,41,5,4,5,5,4,4,4,5,4,2,5
q_380,1,2,3,2,1,1,"2,3",,2,1,4,5,3,6,,5,5,5,5,4,5,5,5,5,2,5,1,2,4,3,6,5,100,3,5,5,5,5,2,5,5,97,100,100,100,24,99,5,3,2,4,3,1,1,5,4,3,5
q_381,1,2,3,1,2,3,2,,4,2,1,5,3,6,,4,4,4,2,3,4,4,3,5,2,2,2,1,5,3,6,4,80,5,4,4,4,4,5,4,4,84,77,79,82,78,81,4,4,5,3,1,5,1,5,1,2,5
q_382,1,2,5,1,3,3,"3,6",,4,2,5,6,1,3,Milton Bradley,5,5,5,1,2,4,5,4,3,2,2,2,1,3,4,6,5,28,4,4,3,5,2,1,6,1,100,100,75,75,0,65,5,4,4,5,3,3,3,4,1,2,5
q_383,1,3,5,1,2,4,"4,5,6,7",reddit,1,2,3,4,5,6,,4,5,4,1,3,4,4,5,4,3,4,2,3,1,5,6,4,61,2,4,5,5,4,4,5,2,80,90,80,61,20,80,4,3,5,5,1,1,1,4,1,2,4
q_384,1,1,5,2,2,2,"1,3,4,5,6",,2,1,3,6,4,5,vtech,5,5,5,5,4,5,5,5,5,5,5,1,2,3,4,5,6,100,1,4,4,4,5,5,5,5,90,80,70,60,20,40,4,1,2,4,1,1,1,4,1,3,4
q_385,1,1,4,1,2,2,"5,6",,4,1,3,5,2,6,,5,5,3,2,2,3,4,5,5,1,1,1,2,3,4,5,6,39,1,4,3,4,4,1,3,4,92,81,80,69,11,60,5,3,5,5,3,3,3,5,4,3,5
q_386,1,1,4,1,2,3,"1,3,4",,1,2,4,5,3,6,,4,5,5,4,4,4,5,5,5,1,4,3,1,2,4,6,5,70,1,4,4,4,3,2,5,5,54,64,75,76,75,74,5,5,5,5,1,5,1,5,3,2,5
q_387,1,3,5,2,2,3,"1,2,3,4,5",,4,3,2,6,5,1,Hasbro,5,5,5,1,4,5,5,5,5,1,3,2,1,3,4,6,5,90,3,5,5,5,5,1,5,4,100,100,95,100,20,90,5,5,5,5,5,4,4,5,1,3,5
q_388,1,1,6,2,2,1,"1,3,4",,4,1,2,5,3,6,,5,5,5,2,5,3,5,4,4,3,4,5,1,2,3,6,4,100,3,5,5,5,5,4,5,2,100,100,100,56,62,100,5,3,3,5,3,3,3,5,1,3,5
q_389,1,1,6,1,3,2,"4,5",,3,1,2,5,4,6,,5,5,5,1,2,5,5,4,5,4,2,2,1,4,3,5,6,98,5,5,5,5,5,1,5,4,100,100,100,100,1,100,5,4,4,3,3,3,3,5,1,3,5
q_390,1,3,4,1,2,3,"1,3,6",,3,2,4,5,1,6,,4,5,5,2,3,4,4,5,3,1,3,2,3,1,4,6,5,59,1,4,3,4,3,2,5,4,84,86,83,52,8,62,5,3,5,5,3,3,3,5,4,3,5
q_391,1,2,3,2,2,3,3,,1,2,4,5,3,6,,4,4,4,4,4,4,4,4,4,4,4,1,2,4,5,6,3,100,2,4,4,4,5,5,5,5,100,100,100,100,100,100,5,5,5,5,3,3,3,5,1,3,5
q_392,1,1,2,2,1,3,"1,2,3,4,5",,2,4,3,5,1,6,,4,5,4,2,3,4,5,5,5,2,3,1,3,4,2,6,5,65,3,4,5,4,4,5,3,4,62,70,79,61,41,85,2,4,5,5,3,4,4,5,2,3,5
q_393,1,4,6,2,2,2,3,,4,1,2,5,3,6,Toys R Us,5,5,5,1,4,4,5,4,3,1,4,2,1,3,5,6,4,90,1,4,5,4,4,1,5,4,90,90,91,81,10,81,5,4,4,5,2,4,1,4,1,3,5
q_394,1,3,6,1,3,2,"3,4,6",,3,2,1,5,4,6,,4,4,3,3,2,4,5,4,4,3,2,3,1,2,4,5,6,70,5,4,4,4,4,2,4,4,100,100,91,80,10,60,5,3,3,5,5,3,3,5,1,3,5
q_395,1,4,4,2,1,1,"2,4,5",,4,3,1,5,2,6,,4,4,3,4,3,4,5,5,3,1,4,3,4,1,5,6,2,88,3,4,4,4,5,2,5,4,85,92,96,92,31,94,5,5,4,5,4,4,5,5,1,2,5
q_396,1,3,4,2,2,2,"3,4,6",,1,2,4,5,3,6,,4,4,5,2,2,4,4,5,3,2,3,2,3,1,4,6,5,80,3,4,5,5,4,2,5,4,90,90,80,50,22,89,5,5,4,5,2,2,2,5,4,3,5
q_397,1,3,4,2,3,2,"1,2,3,5,6",,2,1,3,6,4,5,barbie,4,5,5,4,4,5,4,4,4,4,4,1,2,3,4,6,5,97,3,5,5,5,5,2,5,2,98,90,89,80,9,88,4,4,5,5,4,1,1,5,1,3,5
q_398,1,3,6,2,2,4,"1,2,3,4,5,6",,3,4,2,5,1,6,,5,5,5,1,5,5,5,5,5,5,5,3,2,6,1,4,5,40,1,2,4,4,5,2,5,5,100,98,97,92,82,93,4,4,4,5,4,4,5,5,1,3,5
q_399,1,1,4,2,1,2,"1,2,3,4,5,6",,3,4,2,5,1,6,,4,4,5,2,4,5,5,4,5,5,2,3,5,6,2,4,1,100,1,5,5,5,5,3,6,6,100,100,100,76,41,100,4,2,3,5,4,2,2,5,1,2,5
q_400,1,4,5,1,2,3,"2,3,4,5",,2,1,3,5,4,6,,5,5,4,1,5,5,5,3,4,2,3,1,2,4,3,6,5,89,3,5,5,2,2,4,2,5,80,55,70,34,12,93,5,4,5,5,3,3,3,4,1,2,5
q_401,1,4,2,1,3,2,"1,2,3,4,5,6",,2,3,4,5,1,6,,5,5,5,2,4,5,5,4,4,3,4,2,1,4,3,6,5,80,2,5,5,5,4,2,4,2,85,85,75,100,60,85,4,3,3,4,3,3,3,4,1,3,4
q_402,1,3,4,1,3,2,"1,2,4",,2,1,4,5,3,6,,4,5,4,2,3,3,5,4,5,1,3,4,3,2,1,6,5,79,3,4,5,4,4,2,5,3,83,88,98,64,72,83,4,2,4,4,2,3,2,5,1,3,5
q_403,1,1,3,1,2,2,"1,3,4",,3,1,4,2,5,6,,5,4,5,5,4,4,4,4,5,4,5,2,5,1,3,4,6,52,4,4,4,3,5,4,5,5,70,60,83,70,79,53,4,4,3,4,4,4,3,3,2,2,4
q_404,1,2,5,1,2,4,"5,6",,3,4,5,6,1,2,Hasbro,5,5,5,1,4,4,5,5,3,3,4,3,1,2,5,6,4,30,1,4,4,4,2,5,4,3,90,100,74,52,13,69,5,4,5,5,3,3,3,5,2,2,5
q_405,1,4,5,1,2,2,"1,2,3,4",,3,1,2,5,4,6,,4,4,4,2,3,3,3,4,3,3,3,2,3,1,6,4,5,81,1,4,4,4,3,3,4,3,79,71,67,54,31,71,4,2,3,3,3,3,3,4,2,3,4
q_406,1,4,6,1,1,3,"4,5,6",,4,2,3,5,1,6,,4,5,4,4,2,5,5,4,4,2,1,2,1,4,3,5,6,70,5,3,2,1,2,2,3,2,68,70,70,68,24,50,3,3,4,5,2,2,1,3,1,2,4
q_407,1,3,3,2,3,2,"1,2,3,6",,1,3,2,5,4,6,,5,5,5,1,4,5,5,4,3,3,4,1,3,4,5,6,2,91,3,5,5,5,4,2,5,4,100,76,88,73,42,100,4,3,4,3,2,2,2,5,1,3,5
q_408,1,4,5,2,2,1,"1,2,3,4,5",,1,2,3,5,4,6,,4,5,5,1,4,5,4,4,4,3,4,2,1,3,4,5,6,80,5,5,4,5,5,5,5,5,97,85,95,90,60,82,5,4,4,5,3,2,2,5,1,3,5
q_409,1,1,3,1,1,2,"1,2,3,4",,2,1,4,5,3,6,,5,4,5,4,4,4,5,4,5,3,4,3,1,4,2,6,5,100,5,5,5,5,5,3,5,3,100,84,100,71,68,100,4,4,5,5,3,4,4,5,1,3,5
q_410,1,3,5,2,2,4,"2,3",,3,1,2,6,4,5,Patel,5,5,5,3,3,4,4,4,4,4,4,3,1,4,2,6,5,63,1,4,4,4,5,2,5,5,100,89,99,80,7,92,5,2,1,4,1,1,1,5,1,3,5
q_411,1,1,4,3,1,1,"1,4,5",,1,3,2,5,4,6,,5,4,4,4,2,5,4,4,5,3,4,1,2,5,3,6,4,64,1,4,5,4,5,4,6,5,54,83,48,64,55,16,5,3,3,4,3,3,3,4,3,2,4
q_412,1,2,3,2,1,2,"1,2,3,4,5,6",,4,2,3,5,1,6,,4,4,5,3,3,5,5,5,5,4,3,4,1,3,2,5,6,70,5,4,3,4,4,5,3,3,90,70,100,80,60,70,4,3,3,5,3,3,2,3,2,3,4
q_413,1,1,5,2,2,2,"1,3,4",,3,1,4,5,2,6,,4,5,5,2,4,4,5,4,5,3,4,4,1,5,2,6,3,82,2,4,4,5,3,3,5,3,100,82,68,67,11,90,5,3,5,5,2,2,2,4,2,2,4
q_414,1,1,3,1,2,1,"1,2,4",,4,1,3,5,2,6,,5,5,5,1,4,5,5,5,5,2,5,1,2,5,3,6,4,100,1,5,5,5,5,2,6,5,100,91,84,100,13,100,5,2,1,5,1,1,1,5,1,3,5
q_415,1,2,4,2,1,3,"1,2,3,4,7",Family and friends,4,1,5,3,2,6,,4,4,4,3,4,5,5,5,5,4,2,4,2,3,1,5,6,25,2,3,5,4,4,5,4,2,90,97,81,11,9,49,4,4,3,5,4,4,4,5,4,3,5
q_416,1,1,4,1,2,3,"4,5,7",reddit,3,2,4,5,1,6,,4,4,4,2,3,5,4,5,3,1,3,1,3,2,4,6,5,89,3,4,4,4,3,1,4,3,87,84,83,63,12,91,4,4,5,5,3,5,3,4,4,2,4
q_417,1,2,5,2,3,2,"1,3,4",,1,2,3,4,5,6,,4,4,5,4,4,4,4,4,5,2,3,1,2,3,4,5,6,100,5,5,5,5,5,5,5,5,100,100,100,100,52,100,5,3,4,5,3,3,3,5,1,3,5
q_418,1,2,3,2,1,1,"3,5",,2,4,3,5,1,6,,4,4,5,2,4,4,4,5,4,2,4,3,5,2,4,6,1,85,5,5,4,5,4,2,5,4,75,80,100,70,45,100,4,4,3,5,4,3,4,5,1,3,5
q_419,1,2,4,2,2,2,"1,3",,3,1,2,5,4,6,,4,4,4,4,4,4,5,4,3,3,2,3,1,2,4,5,6,70,5,4,4,4,4,4,3,4,87,85,84,14,22,95,5,2,2,5,1,1,1,4,2,2,3
q_420,1,1,4,1,1,2,"1,5",,3,2,4,1,5,6,,3,4,3,4,4,5,5,5,5,5,5,2,1,4,3,5,6,92,2,4,4,4,5,4,5,5,92,96,81,90,83,93,5,4,5,5,4,5,4,5,2,3,5
q_421,1,1,5,2,2,2,"1,3",,2,3,1,4,5,6,,4,5,4,2,3,5,5,4,4,2,4,1,2,3,5,6,4,85,3,4,4,4,4,2,5,4,83,85,86,51,10,92,5,5,3,4,2,2,2,5,1,3,5
q_422,1,2,4,1,2,3,"1,2,3,4,5,6",,2,1,3,5,4,6,,5,5,5,1,5,4,4,5,4,3,3,2,3,1,4,5,6,100,3,5,5,5,5,3,5,5,81,78,89,73,17,100,5,5,5,5,4,4,3,5,1,2,5
q_423,1,1,1,1,3,4,"2,4,6",,3,2,4,5,1,6,,4,4,4,5,3,4,5,5,4,2,3,3,2,1,5,6,4,67,3,4,4,5,4,4,4,4,24,56,76,61,72,57,4,3,4,5,3,4,4,4,2,3,4
q_424,1,2,4,2,1,4,"1,2,4",,3,2,4,1,5,6,,4,4,3,4,2,4,5,5,4,3,4,2,1,4,3,6,5,70,1,4,4,3,5,4,4,5,80,70,60,89,41,80,4,4,5,3,4,3,4,4,1,2,4
q_425,1,2,4,1,3,3,"5,6",,2,1,3,5,4,6,,4,5,3,4,3,4,5,2,3,5,3,2,1,6,5,3,4,30,1,4,4,4,4,1,5,3,80,85,60,60,10,60,4,1,5,3,1,1,1,4,1,2,5
q_426,1,1,2,2,1,3,"1,2,3,4,5,6",,3,2,4,5,1,6,Hasbro,4,5,4,2,4,4,4,4,4,3,4,5,2,3,1,6,4,80,5,4,4,4,3,2,4,2,84,88,100,79,35,84,4,3,4,5,3,4,2,4,1,3,5
q_427,1,1,6,1,2,2,"1,3,4,5,6",,1,2,4,5,3,6,,5,5,5,1,5,5,5,5,5,2,1,4,2,3,1,5,6,71,1,4,5,4,3,2,6,3,90,90,100,80,50,80,5,1,1,5,1,1,1,5,4,3,5
q_428,1,2,3,1,2,2,"2,4,5",,1,2,3,4,5,6,,4,4,4,2,2,5,5,5,5,4,2,2,1,3,4,5,6,70,3,4,4,4,2,4,3,3,85,84,61,62,20,80,4,4,4,5,4,4,4,4,3,2,4
q_429,1,4,4,1,2,1,"2,4",,2,4,1,5,3,6,,5,4,5,3,3,5,5,4,3,3,3,2,1,3,4,5,6,75,2,5,4,5,2,3,4,2,100,100,71,49,38,89,5,4,5,5,4,4,4,5,1,3,5
q_430,1,2,4,1,1,2,"4,5",,1,3,4,5,2,6,,4,3,4,4,4,4,5,4,4,3,4,1,4,2,5,6,3,92,1,4,3,4,5,4,5,5,80,40,60,29,49,51,3,3,4,5,3,3,2,5,2,3,5
q_431,1,4,6,2,2,2,"5,6",,3,1,2,5,4,6,,4,4,4,3,2,3,4,3,4,2,2,3,1,4,2,6,5,89,1,5,4,5,4,3,6,4,90,92,80,77,56,72,5,4,4,4,3,4,4,5,1,3,5
q_432,1,2,3,2,2,1,"1,3,4",,4,2,3,6,1,5,,4,4,3,4,3,2,4,3,4,2,3,1,2,4,3,6,5,88,3,4,4,4,3,2,4,2,77,91,89,71,40,100,4,2,4,5,1,1,1,5,1,2,3
q_433,1,3,6,1,1,1,"5,6",,4,1,3,5,2,6,,5,5,5,4,4,5,5,5,5,4,4,2,3,4,1,6,5,83,1,4,4,3,4,3,6,5,70,73,82,86,65,90,5,4,2,5,3,3,2,4,2,2,4
q_434,1,3,2,2,2,4,"2,4,5,6",,2,3,1,5,4,6,,5,4,5,4,4,5,5,4,5,5,5,2,1,3,6,4,5,98,3,5,5,5,4,4,5,5,94,99,96,95,92,89,4,3,4,4,4,4,4,5,4,3,4
q_435,1,2,3,2,2,2,"3,4",,3,1,4,5,2,6,,3,3,3,3,2,4,5,3,2,2,3,2,1,3,4,5,6,25,1,4,4,4,5,5,5,5,75,92,75,27,20,67,4,4,5,5,5,1,1,4,1,1,4
q_436,1,4,3,2,1,2,"1,2,3,4,6",,3,4,5,2,1,6,,4,5,4,4,3,3,4,3,4,2,3,3,1,4,2,5,6,39,2,4,3,4,4,5,4,4,71,84,69,78,67,47,4,3,3,5,4,4,4,4,2,2,4
q_437,1,1,2,1,2,2,"1,5,6",,3,1,4,5,2,6,,4,5,4,2,3,5,5,5,5,1,2,2,1,3,4,6,5,85,1,4,4,4,3,2,5,2,95,85,80,80,25,90,5,4,4,5,4,4,4,5,4,3,5
q_438,1,2,6,1,2,1,"3,4,5",,5,4,2,3,1,6,,4,3,5,4,3,4,5,4,3,4,5,6,1,3,2,5,4,70,4,4,5,5,4,3,5,2,57,32,87,70,82,58,4,3,4,5,4,3,4,3,2,2,3
q_439,1,1,6,1,2,2,"3,4,5,6",,3,2,4,5,1,6,,5,5,4,2,4,5,5,4,4,3,2,2,1,4,3,5,6,100,1,5,4,4,4,3,5,4,95,90,85,75,40,100,4,4,5,4,5,3,4,5,1,3,5
q_440,1,1,2,1,3,1,7,None,2,3,4,5,1,6,,5,4,5,3,2,5,5,5,4,1,3,2,1,3,4,6,5,48,5,4,3,4,5,1,6,3,90,100,100,65,19,100,5,1,1,5,1,1,1,5,1,3,5
q_441,1,2,5,2,1,4,"1,3,4,5,6",,4,2,3,5,1,6,,4,4,4,3,3,4,4,4,4,4,5,2,1,3,4,5,6,80,5,4,4,4,4,5,4,4,59,70,79,70,69,61,4,4,3,5,4,4,4,4,1,2,4
q_442,1,3,5,2,1,3,"1,2,3,4,5,6",,2,4,3,5,1,6,,4,5,4,2,3,4,5,4,5,5,4,1,3,5,2,6,4,72,1,4,5,4,3,4,2,2,64,83,70,87,57,76,4,3,5,5,5,4,3,5,1,3,5
q_443,1,4,3,2,2,2,"1,3,4,5,6",,4,5,2,3,1,6,,4,4,5,5,4,5,5,4,5,4,4,2,4,5,3,1,6,94,5,5,5,4,4,5,5,4,89,80,80,81,47,98,4,4,4,5,5,4,5,4,2,3,4
q_444,1,1,1,2,2,2,"2,3,4",,3,4,1,5,2,6,,4,4,4,2,4,4,5,4,4,2,2,5,1,2,3,4,6,80,1,4,4,4,2,4,3,1,90,90,70,59,9,90,5,4,4,5,4,4,4,5,2,3,5
q_445,1,1,2,2,1,2,"1,2,4,5",,1,2,5,4,3,6,,5,5,3,2,3,4,5,4,4,1,1,4,1,3,2,6,5,89,4,5,5,5,3,1,5,2,75,38,83,64,0,89,5,3,3,5,3,3,3,4,1,2,5
q_446,1,1,3,1,1,1,"1,3,4,6",,3,1,4,5,2,6,,4,3,4,3,3,3,4,4,3,1,2,4,3,1,2,6,5,57,2,3,3,3,2,1,5,3,82,80,43,31,11,54,3,2,1,5,1,1,1,4,1,2,4
q_447,1,2,3,2,1,1,"1,2,3",,2,1,4,5,3,6,,4,4,5,3,5,2,2,5,5,2,5,2,5,1,3,6,4,86,5,4,4,4,2,1,5,5,100,100,100,95,14,100,5,5,5,5,5,3,3,5,1,3,5
q_448,1,2,3,1,1,1,"2,3,4,6",,1,2,4,5,3,6,,4,4,4,4,3,4,3,2,2,3,2,2,3,1,5,4,6,89,2,4,4,3,2,2,4,2,81,81,85,90,72,83,4,3,3,4,2,3,3,4,1,2,4
q_449,1,2,4,2,3,2,6,,4,2,3,6,5,1,barbie,4,4,4,3,2,5,5,5,5,2,4,4,1,2,3,6,5,49,5,4,4,3,3,2,5,3,81,90,100,91,49,78,5,5,5,5,2,2,3,5,1,2,4
q_450,1,2,4,2,2,4,"1,3",,1,2,3,5,4,6,NA,5,4,5,1,4,5,5,5,5,3,4,1,2,3,4,6,5,87,3,5,5,5,4,2,5,2,86,86,79,76,32,100,5,4,5,5,3,2,2,5,1,3,5
q_451,1,3,5,1,2,4,"1,4,6",,3,1,4,5,2,6,,5,5,3,4,3,5,5,5,5,2,1,4,1,2,3,5,6,90,1,5,5,5,5,5,5,4,93,99,90,80,54,84,5,4,3,4,2,2,2,5,1,3,5
q_452,1,2,4,1,2,2,4,,1,2,3,5,4,6,,3,3,3,4,2,2,3,3,3,2,2,4,3,2,1,5,6,35,5,4,4,3,3,3,4,3,52,63,53,51,20,50,4,3,5,4,4,3,3,4,4,2,4
q_453,1,2,6,1,1,1,"1,2,4",,1,2,3,4,5,6,,4,3,5,4,2,4,3,5,4,2,3,1,2,3,4,5,6,72,2,4,3,2,5,4,6,5,36,53,33,55,21,37,4,3,5,4,3,2,5,4,2,1,4
q_454,1,2,3,1,3,4,"1,2,3,4,5",,3,2,1,5,4,6,,2,4,4,2,3,4,4,4,4,3,1,1,2,4,3,5,6,23,2,2,2,2,5,5,5,5,79,92,80,79,60,30,4,4,5,5,4,4,3,4,2,2,3
q_455,1,1,3,2,2,2,"2,3,4",,2,1,3,5,4,6,,4,5,4,4,3,5,5,5,4,1,2,1,2,3,4,6,5,68,2,4,4,5,4,1,5,4,100,99,79,68,0,73,5,3,4,4,2,2,2,5,4,2,5
q_456,1,2,4,1,1,3,"1,2,3,4,5",,1,3,2,4,5,6,,4,5,5,3,3,4,5,4,5,5,3,4,1,5,2,3,6,79,1,4,5,5,6,5,4,5,90,91,98,80,80,90,3,2,3,3,4,3,3,5,3,3,5
q_457,1,1,3,2,3,2,"1,2,3,4",,1,2,3,4,5,6,,5,5,5,2,4,5,5,5,5,5,2,3,1,2,4,5,6,46,2,5,5,5,5,5,5,6,82,88,75,74,21,71,5,5,5,5,3,3,3,5,4,2,5
q_458,1,2,6,1,1,3,"1,2,3,4,5,6",,4,3,5,1,2,6,,4,4,5,4,4,4,5,4,3,4,4,2,1,5,4,6,3,68,3,4,4,4,5,6,5,5,72,86,74,71,76,89,3,3,3,4,3,3,3,5,4,3,4
q_459,1,1,5,2,2,3,"1,2,3,5,6",,4,3,2,5,1,6,,4,4,4,4,3,5,5,5,5,3,2,4,1,2,3,5,6,89,5,5,5,5,4,5,3,4,98,98,100,95,57,88,4,4,5,5,4,4,5,5,1,2,5
q_460,1,3,4,1,1,2,"2,3,4",,1,2,4,5,3,6,,5,5,5,2,4,4,5,4,5,3,3,2,1,3,4,5,6,90,3,5,4,4,4,4,5,4,82,75,89,61,29,93,4,2,3,2,3,3,2,5,1,3,5
q_461,1,2,6,1,3,1,"4,5",,3,2,4,5,1,6,,5,5,3,2,4,4,3,5,4,5,2,2,3,4,5,1,6,100,5,5,5,5,2,6,4,5,88,85,100,61,21,100,4,3,2,5,3,3,2,4,2,1,4
q_462,1,2,3,2,1,1,"1,2,3,4,5,6",,4,3,1,2,5,6,,4,4,5,2,3,4,5,4,4,3,2,5,2,6,3,4,1,100,3,5,4,4,3,2,5,3,32,52,33,48,33,48,3,2,4,2,4,3,3,4,1,3,5
q_463,1,2,6,2,1,3,"3,4,5,6",,2,1,4,5,3,6,,5,5,4,4,3,4,5,3,5,4,3,3,1,5,2,4,6,71,1,4,5,4,5,4,5,5,72,82,47,64,33,82,4,3,4,4,3,4,4,4,2,3,5
q_464,1,1,3,2,1,3,"3,4",,1,2,3,4,5,6,,4,4,4,4,3,4,5,4,5,4,4,2,1,4,3,6,5,26,2,4,4,4,4,5,5,5,57,70,59,63,59,64,4,4,4,4,4,4,4,5,2,3,5
q_465,1,4,3,2,3,1,"3,4,5",,1,2,4,5,3,6,,4,5,5,1,5,5,5,4,4,3,5,2,1,3,4,6,5,100,1,5,5,5,5,2,5,5,97,98,97,100,19,97,5,5,5,5,1,1,1,5,4,3,5
q_466,1,2,6,2,1,2,"3,4,5,6",,2,1,3,5,4,6,,4,5,4,2,3,5,5,4,4,3,2,2,1,4,3,5,6,70,5,5,4,4,3,2,5,2,85,90,80,70,40,75,5,4,4,5,3,4,2,4,1,3,4
q_467,1,1,4,1,3,3,"1,2,3,4,5,6",,2,1,4,5,3,6,,5,5,5,4,3,5,5,5,5,1,4,2,3,4,1,6,5,90,5,5,4,4,5,2,5,5,95,95,100,85,0,80,5,4,5,5,5,3,3,5,1,3,5
q_468,1,3,4,1,2,4,1,,3,1,2,5,4,6,,4,3,4,2,1,4,5,3,5,3,2,3,1,4,2,5,6,8,5,2,1,3,2,4,3,2,51,78,39,20,2,21,4,3,3,3,3,3,3,4,2,2,4
q_469,1,2,4,2,1,4,"1,2,5",,5,3,1,2,4,6,,4,5,5,4,3,5,4,3,4,4,5,2,3,1,5,6,4,40,5,3,4,3,3,5,3,4,87,80,90,79,72,86,4,4,4,4,5,4,5,5,2,3,5
q_470,1,3,5,1,3,2,"1,2,3",,3,2,4,5,1,6,,5,5,5,2,5,5,2,5,5,5,3,2,6,1,3,4,5,23,1,3,2,2,4,2,4,3,76,77,65,63,22,48,5,2,5,5,1,1,1,3,1,2,3
q_471,1,1,3,2,1,1,"1,2,3,4,5",,2,1,3,4,5,6,,5,5,5,5,5,5,5,5,5,5,5,1,2,3,4,5,6,98,1,5,5,5,6,6,6,6,100,100,100,100,100,100,5,5,5,5,5,5,5,5,1,1,5
q_472,1,4,5,2,3,2,"3,4,6",,3,1,2,5,4,6,,4,5,4,2,4,5,4,5,4,2,4,3,4,2,5,6,1,79,3,5,4,4,4,4,5,3,80,69,91,91,50,90,4,3,4,5,1,1,1,4,1,3,5
q_473,1,2,4,1,1,2,"1,3,4,6",,5,3,2,1,4,6,,4,4,3,4,4,4,4,4,3,4,4,4,1,6,5,2,3,72,4,4,4,3,5,4,5,4,60,81,69,60,87,80,4,4,4,4,4,4,4,4,2,2,4
q_474,1,2,6,2,1,2,"1,2,3,4",,3,1,5,2,4,6,,4,5,4,5,4,5,4,4,5,5,5,6,1,4,3,5,2,70,4,4,5,4,5,4,5,4,69,88,70,81,97,77,3,4,3,4,4,4,3,4,2,3,4
q_475,1,2,5,2,2,2,"2,3,4",,3,1,4,5,2,6,,4,4,4,2,4,4,4,4,4,3,4,3,5,6,4,1,2,38,3,4,4,4,5,3,5,4,92,77,69,74,51,91,5,3,3,5,1,1,1,5,1,3,5
q_476,1,3,6,2,1,4,"4,5",,2,1,3,5,4,6,,4,4,5,2,2,4,4,4,4,5,4,2,4,3,1,6,5,81,4,4,4,4,5,6,5,5,72,78,69,75,76,77,4,4,4,4,3,4,4,5,2,3,4
q_477,1,4,6,3,3,1,"1,2,3,4,5,6",,2,4,3,5,1,6,,5,5,5,1,3,5,5,5,5,1,3,1,2,3,4,6,5,100,5,5,4,5,5,3,4,5,82,100,100,99,52,89,5,5,5,5,3,3,3,5,1,2,5
q_478,1,2,4,2,2,4,"1,3",,3,1,2,5,4,6,,4,4,3,2,2,4,4,5,5,1,1,4,3,2,1,5,6,39,5,4,3,4,4,2,4,4,90,89,96,90,10,10,5,5,5,5,4,5,3,5,4,2,5
q_479,1,2,3,1,2,2,4,,2,1,4,5,3,6,,4,4,3,3,2,4,4,3,3,3,2,1,2,4,3,6,5,50,5,5,3,4,2,4,4,2,77,75,84,29,35,68,4,2,4,4,4,1,1,3,2,2,4
q_480,1,1,6,2,1,1,"2,5",,2,1,4,5,3,6,,5,5,5,4,4,5,5,4,5,3,3,4,1,3,2,5,6,49,3,3,5,5,4,4,3,5,95,89,4,89,86,95,5,3,2,5,2,2,2,5,1,3,5
q_481,1,1,4,2,2,1,"2,3,4,5,6",,3,1,2,5,4,6,,4,5,4,2,5,5,5,5,4,1,2,2,1,3,4,5,6,84,1,5,5,5,4,3,4,4,96,94,84,52,2,70,5,5,5,4,3,3,3,5,1,3,5
q_482,1,2,6,1,1,2,"1,5",,1,4,3,5,2,6,,4,4,5,2,4,5,5,5,5,4,5,3,2,6,4,5,1,89,4,4,4,4,4,3,4,4,89,95,89,95,92,92,3,4,4,5,4,4,4,5,1,3,5
q_483,1,2,2,2,2,2,"1,2,3,4",,1,2,4,6,3,5,barbie,4,4,3,3,4,5,5,5,5,3,5,2,1,5,4,6,3,100,3,5,5,5,2,2,5,5,96,97,100,100,11,100,5,5,5,5,4,4,5,5,1,3,5
q_484,1,1,4,2,2,3,"2,3,4",,1,3,4,5,2,6,,5,5,5,2,2,4,3,5,5,4,3,3,1,2,4,6,5,79,1,5,5,4,5,5,6,6,72,96,89,90,84,86,4,3,2,5,2,1,1,5,3,3,5
q_485,1,1,3,2,3,2,"2,4",,3,1,4,5,2,6,,4,4,3,4,2,4,3,3,2,1,2,1,2,3,4,6,5,21,5,2,2,2,3,1,4,3,50,50,50,50,30,10,4,3,4,4,3,2,2,3,4,2,2
q_486,1,1,3,2,1,3,"1,2,3,4,5,6",,3,2,4,5,1,6,,4,4,4,4,5,5,5,5,5,5,4,1,2,3,4,5,6,100,1,5,5,5,4,4,4,4,84,88,88,90,40,100,4,4,4,4,4,4,4,4,2,2,4
q_487,1,3,3,2,1,2,"1,3",,3,1,2,5,4,6,,3,4,3,4,2,3,4,3,4,3,2,2,1,3,4,5,6,80,1,4,3,4,3,3,3,3,89,89,59,60,20,81,4,4,5,4,2,2,2,4,2,2,4
q_488,1,1,4,2,2,3,"1,3,4,5,6,7",Reddit,1,3,2,6,4,5,Tamagotchi,4,3,4,4,3,4,4,5,4,2,3,3,4,1,2,6,5,36,5,4,4,4,3,2,5,2,84,84,91,79,20,61,4,4,5,5,5,5,3,4,1,3,4
q_489,1,1,2,1,1,3,"1,2,3,4,6",,3,4,2,5,1,6,,4,4,4,5,5,5,5,4,2,1,1,3,1,2,4,6,5,100,3,4,3,4,2,2,4,3,86,100,67,6,2,77,3,1,1,5,1,1,3,4,3,2,3
q_490,1,1,3,2,2,2,"1,2,3,5,6",,3,2,4,5,1,6,,4,4,5,5,4,5,5,4,5,1,4,2,1,4,3,6,5,80,1,4,4,3,5,1,6,4,91,90,100,53,0,80,5,3,2,5,2,2,2,4,1,2,4
q_491,1,2,6,2,1,2,"4,5",,4,1,2,5,3,6,,4,4,3,5,3,3,3,4,4,4,3,4,2,1,3,6,5,36,2,4,3,3,2,2,3,1,80,87,64,54,12,78,4,4,3,4,3,3,3,3,2,2,3
q_492,1,2,5,2,2,3,"1,3,7",Reddit,1,3,4,6,5,2,Barbie (Mattel),5,5,4,2,3,4,4,4,4,1,3,2,4,3,1,6,5,88,1,4,4,4,2,2,4,3,89,90,55,68,11,67,5,5,5,4,4,3,3,5,3,2,5
q_493,1,2,6,1,2,3,"1,6",,1,2,3,4,5,6,,4,5,4,4,3,3,4,3,4,4,3,1,2,3,4,5,6,79,3,3,4,3,4,3,4,3,72,55,70,49,38,51,4,3,3,5,3,3,3,4,1,2,4
q_494,1,3,4,1,2,3,"1,2,6",,2,1,4,5,3,6,,4,4,4,2,5,5,5,5,5,5,4,1,2,4,3,5,6,100,2,5,5,5,2,2,5,5,100,100,100,100,11,99,5,5,5,5,3,3,3,5,1,2,5
q_495,1,1,2,1,1,4,"1,2",,4,1,2,3,5,6,,4,4,4,3,3,4,4,4,4,5,4,1,3,2,4,5,6,65,1,4,4,4,5,3,5,5,73,52,63,54,54,67,4,5,4,4,4,4,3,3,2,3,4
q_496,1,1,2,1,2,4,"1,4,5",,4,2,3,5,1,6,,4,4,4,2,3,4,4,4,4,2,3,4,1,3,2,6,5,60,5,4,4,4,4,3,4,4,80,80,79,80,50,80,4,3,3,4,3,3,3,4,4,3,5
q_497,1,2,6,1,1,2,"1,4,5",,1,3,2,5,4,6,,4,4,4,1,4,5,5,5,5,5,5,2,1,3,4,6,5,90,2,4,4,5,5,5,5,5,91,97,91,95,81,93,5,4,5,5,4,4,5,5,2,3,5
q_498,1,2,4,2,2,4,"1,3,4,5",,2,3,4,5,1,6,,4,4,4,2,2,4,4,4,5,2,2,3,1,2,4,6,5,63,1,4,3,3,3,2,4,2,81,91,70,82,23,80,4,4,4,4,3,3,3,4,4,2,4
q_499,1,2,4,2,2,2,"1,3,6",,2,1,3,5,4,6,,4,4,3,3,2,4,5,4,3,2,1,2,1,3,4,5,6,40,1,4,4,5,3,3,3,3,99,90,90,81,10,81,4,3,5,3,3,4,2,4,1,3,5
q_500,1,3,4,1,2,1,"4,6",,3,4,5,6,2,1,Nintendo,5,4,4,2,3,3,5,5,3,3,3,2,1,3,4,6,5,79,3,4,3,3,3,1,4,3,88,90,90,79,40,77,4,3,1,5,3,3,3,4,1,2,5
q_501,1,3,4,1,2,2,"1,2,3,4,6",,2,5,4,3,1,6,,4,4,4,2,2,5,5,5,5,3,3,4,1,3,2,5,6,99,5,4,4,4,4,4,3,4,99,99,100,99,50,99,4,4,4,5,4,4,5,5,2,3,5